"model","variable","mean","sd","median","lower_95","upper_95","rhat","ess_bulk","ess_tail"
"AR(1) log-rate","b_logB_Intercept",7.55948830023985,0.0552356942674396,7.55918147513645,7.45024056185418,7.66840719203251,1.00065889138849,1577.55602636628,3036.7627661963
"AR(1) log-rate","b_logW_Intercept",5.81339240830918,0.0646591428090466,5.81361578448188,5.68761316522832,5.94032722409501,1.00101728417137,1765.84388257014,3554.85643904196
"AR(1) log-rate","b_logB_demW",-0.00318225774455269,0.00466129472670252,-0.0032462600178947,-0.0122448966207355,0.00600258149167665,1.0001403922864,13224.8496044262,13360.7020737407
"AR(1) log-rate","b_logB_demM",-0.00664765114661701,0.0517127502240402,-0.00563362832957306,-0.111665077266385,0.0934731084675434,1.0013718699868,1665.3052999049,3047.11151289442
"AR(1) log-rate","b_logB_yearc",-0.241279760323403,0.0157302687577086,-0.241081717316687,-0.272640055733867,-0.21136833182393,1.00013566100659,10953.0839591016,10857.3696832091
"AR(1) log-rate","b_logW_demW",-0.00675440061518205,0.00437224495816369,-0.00676301431189551,-0.0153789399816795,0.00196523645112789,1.00051709738658,13229.0807945352,11444.6773776171
"AR(1) log-rate","b_logW_demM",-0.12497320767863,0.0628467339784706,-0.124323856321064,-0.249473954433882,-0.00321547726853916,1.00063979487186,1920.72671131659,3310.34052045933
"AR(1) log-rate","b_logW_yearc",-0.000420933139067273,0.0182656248821805,-0.000111886765442832,-0.0370546813663927,0.0348942040849227,1.00035815409398,10904.3424873145,11979.4937752538
"AR(1) log-rate","ar_logB[1]",0.948869521850258,0.0140772132091834,0.949149445185167,0.920313255879245,0.975792180275042,1.00016421407014,10687.2469347614,11898.4758332212
"AR(1) log-rate","ar_logW[1]",0.979078004821697,0.00997228732165904,0.97925165883665,0.959021112874913,0.998171072994188,1.00006004219406,12006.0783272514,11498.3095785393
"AR(1) log-rate","sd_state_abbr__logB_Intercept",0.35218707860421,0.0392482856669152,0.349631338662272,0.28287602227239,0.436548205650425,1.00062897231295,2245.59753459132,3780.79226973311
"AR(1) log-rate","sd_state_abbr__logW_Intercept",0.431171759779168,0.0468303202870405,0.427261664296271,0.349798650678925,0.532543534310425,1.00190537954499,2113.33070963703,4298.99007682174
"AR(1) log-rate","cor_state_abbr__logB_Intercept__logW_Intercept",0.467768329801778,0.115966421613357,0.476491201545471,0.220671939205318,0.67057218741698,1.00140356154642,2108.59873868097,4262.78283323141
"AR(1) log-rate","sigma_logB",0.0761351428082482,0.00162596429092714,0.0761202489710478,0.0730086979778513,0.0793562513501205,1.00024917777583,11724.6254908462,11186.5052391154
"AR(1) log-rate","sigma_logW",0.0717679789560218,0.0015203229635039,0.0717293119265229,0.0689071472154497,0.0747909951144148,0.999993764401638,12919.6951396967,12694.0072022723
"AR(1) log-rate","Intercept_logB",7.55953209600984,0.0552347918999408,7.55920252687206,7.45028437240214,7.66848015298665,1.0006609345101,1577.55593647973,3036.7627661963
"AR(1) log-rate","Intercept_logW",5.81342627485064,0.0646590130585739,5.8136574696724,5.68767336003799,5.9403543761283,1.00101827843418,1765.72570305557,3554.85643904196
"AR(1) log-rate","rescor__logB__logW",0.404943423960146,0.0252283490590883,0.405305128874566,0.354573936620206,0.454461735832428,1.00002756440114,11271.5634471635,12172.0818268339
"AR(1) log-rate","r_state_abbr__logB[AK,Intercept]",0.248753348929835,0.0900807246499868,0.248668276133814,0.0707847749433629,0.424416715376863,1.00040585166266,3422.03415783382,7635.40411144807
"AR(1) log-rate","r_state_abbr__logB[AL,Intercept]",-0.173657020965564,0.130041484092609,-0.172353786683825,-0.431531512150192,0.078553462529913,1.00019663138798,2203.31660107167,4600.70755598352
"AR(1) log-rate","r_state_abbr__logB[AR,Intercept]",-0.062170872604658,0.095730941210995,-0.0622178020593855,-0.248986219888836,0.124630558811381,1.00004810009995,3222.42327868403,6857.52442784926
"AR(1) log-rate","r_state_abbr__logB[AZ,Intercept]",0.335832790534748,0.0898309327681391,0.336139917050701,0.159573433713011,0.511342921282788,1.00063371717579,3311.26114237243,7889.45770024318
"AR(1) log-rate","r_state_abbr__logB[CA,Intercept]",0.263884910565788,0.0982002521499707,0.264304354023753,0.0714071761137437,0.454693835899127,1.00075487500257,2733.34175007667,6930.43606098718
"AR(1) log-rate","r_state_abbr__logB[CO,Intercept]",0.288790316685387,0.114068605411276,0.287672308475924,0.0660829708361879,0.5152721150306,1.0014144650852,2359.37146084865,5173.05951427177
"AR(1) log-rate","r_state_abbr__logB[CT,Intercept]",0.445564686409974,0.0926087870995335,0.445066699988675,0.265494412814763,0.626234389459758,1.0006027475923,3210.97083741209,7205.81599739338
"AR(1) log-rate","r_state_abbr__logB[DE,Intercept]",0.497693647994295,0.0900971345799305,0.497303121348213,0.32093145858428,0.675669868490064,1.00048629396978,3669.13204740998,7735.80341584912
"AR(1) log-rate","r_state_abbr__logB[FL,Intercept]",-0.000783543773210524,0.110301220375758,0.000488076415418162,-0.217188440074029,0.213340762493836,1.00036273430068,2676.38842693366,4752.94826471176
"AR(1) log-rate","r_state_abbr__logB[GA,Intercept]",-0.306688394997061,0.120724615893992,-0.30618764039801,-0.545638344330518,-0.0735648705628949,1.00022599241618,2359.40460681944,4538.39799584935
"AR(1) log-rate","r_state_abbr__logB[HI,Intercept]",-0.667742851259698,0.0902683105058746,-0.666989719028604,-0.846101772569415,-0.4915976346994,1.00037657675275,3683.37810682568,7370.15145015333
"AR(1) log-rate","r_state_abbr__logB[IA,Intercept]",0.547225470085786,0.110506426172299,0.546569380691537,0.32885310796933,0.766755061420171,1.00143629233357,2386.03063999498,5241.2006576765
"AR(1) log-rate","r_state_abbr__logB[ID,Intercept]",-0.119450029516273,0.0932399470878938,-0.120517266434541,-0.301987502231575,0.0627709361535872,1.00011932326199,3368.26278938282,7291.42727309787
"AR(1) log-rate","r_state_abbr__logB[IL,Intercept]",-0.0416745123991871,0.101132942904429,-0.0417981226302954,-0.239230676137127,0.154083656484553,1.00060731435332,2715.07726331846,6586.41555415941
"AR(1) log-rate","r_state_abbr__logB[IN,Intercept]",0.00372885784596156,0.098732162425094,0.00523619941123,-0.189659382212601,0.196922429682184,0.999997166456329,2930.03865879187,6618.43606722671
"AR(1) log-rate","r_state_abbr__logB[KS,Intercept]",0.147425776914004,0.088820287549812,0.147862333573289,-0.0298547578902559,0.321690123148126,1.00016168234497,3803.80756634276,7387.25285538901
"AR(1) log-rate","r_state_abbr__logB[KY,Intercept]",0.0458493111607013,0.0899271511963565,0.0462209460872796,-0.128721842329514,0.224796487154344,1.00033560772653,3302.1117809475,7452.86348149179
"AR(1) log-rate","r_state_abbr__logB[LA,Intercept]",0.134497855426351,0.0927561617423346,0.13447906601853,-0.0479770442504548,0.315809572831634,1.00035143204709,3225.38097907358,6276.73465960286
"AR(1) log-rate","r_state_abbr__logB[MA,Intercept]",-0.6927372677035,0.0911145095106885,-0.69311530595254,-0.869616194790823,-0.513848614125859,1.00036125508779,3679.68224774622,8094.52321728969
"AR(1) log-rate","r_state_abbr__logB[MD,Intercept]",-0.322509420556438,0.0896462656589974,-0.32257282450528,-0.499761584925642,-0.147618483768988,1.00032089990381,3668.33256783716,7063.39179256103
"AR(1) log-rate","r_state_abbr__logB[ME,Intercept]",-0.82577428490121,0.12320675608826,-0.826062391511835,-1.07120655037006,-0.58330211588537,1.00129070403305,2257.37844933521,5278.50557809478
"AR(1) log-rate","r_state_abbr__logB[MI,Intercept]",0.125281440224643,0.113188990377061,0.126965419826972,-0.100443578593667,0.343658098630796,1.00010441259115,2530.34636631783,5504.54464634683
"AR(1) log-rate","r_state_abbr__logB[MN,Intercept]",-0.267591334354655,0.0934194218262378,-0.268322943675198,-0.449654386420474,-0.0829629865179059,1.00054622978925,2976.60425280022,7066.79389154817
"AR(1) log-rate","r_state_abbr__logB[MO,Intercept]",0.131526475067458,0.126357446600718,0.13168766026504,-0.11836665976074,0.379092426834524,1.00034491330031,2248.70704762557,4501.870038101
"AR(1) log-rate","r_state_abbr__logB[MS,Intercept]",-0.10505287031893,0.095357508989244,-0.104888157258573,-0.293682172745482,0.0823722581282173,0.999856529683413,3081.39500136186,6512.55250983415
"AR(1) log-rate","r_state_abbr__logB[MT,Intercept]",-0.0864991841006487,0.110395674482769,-0.086570215452846,-0.303685612878257,0.130081832368292,1.00143561109135,2373.34644115451,5733.18404644207
"AR(1) log-rate","r_state_abbr__logB[NC,Intercept]",-0.357886505555466,0.0906073098330845,-0.358098650014651,-0.535533938103208,-0.179616964550481,1.00009084738379,3704.53632688372,7956.49271985145
"AR(1) log-rate","r_state_abbr__logB[ND,Intercept]",-0.46457248508148,0.10815391526847,-0.46329193166499,-0.67821966906455,-0.254547881298823,1.00099860311386,2487.94158388615,6085.66772732978
"AR(1) log-rate","r_state_abbr__logB[NE,Intercept]",-0.0939224763962791,0.0896577640184236,-0.0939942728482655,-0.270136953428438,0.0806068389815282,1.0001945481512,3554.32217336932,7205.57965629571
"AR(1) log-rate","r_state_abbr__logB[NH,Intercept]",-0.472065013388688,0.091352746158335,-0.47311367807651,-0.649723015096934,-0.293105363537022,1.00086697706592,3367.06748239187,7750.36472233064
"AR(1) log-rate","r_state_abbr__logB[NJ,Intercept]",-0.0370607632622997,0.107004618990638,-0.0364309213895472,-0.243225614851346,0.17365316706209,1.00126945248866,2671.66342602857,5752.70427504018
"AR(1) log-rate","r_state_abbr__logB[NM,Intercept]",-0.0348780972587557,0.102816465385189,-0.0360170744100324,-0.234393185921071,0.169237825637679,1.00104485780928,2513.8968422843,5561.2614269939
"AR(1) log-rate","r_state_abbr__logB[NV,Intercept]",0.165386830373916,0.0963389601052822,0.165175659617652,-0.0226343811041692,0.357020800010879,1.00079803669437,2817.13752797477,6074.26022753424
"AR(1) log-rate","r_state_abbr__logB[NY,Intercept]",-0.327040159284739,0.0889834126711835,-0.327601137728823,-0.501603821172232,-0.151075781943244,0.999966296161399,4080.12964018849,8206.77179079684
"AR(1) log-rate","r_state_abbr__logB[OH,Intercept]",0.107792848414292,0.106025828793533,0.107638527086973,-0.103159072504897,0.311648278630637,1.00010123662605,2737.88565185717,5410.03643976953
"AR(1) log-rate","r_state_abbr__logB[OK,Intercept]",0.502881171006841,0.0909774544452319,0.503521633163039,0.326753761137816,0.682303147132258,1.00016727318935,3740.37840180527,7567.51592662997
"AR(1) log-rate","r_state_abbr__logB[OR,Intercept]",0.101188603146557,0.114468695126779,0.10147289215156,-0.121840819821023,0.325858041446521,1.00114739742881,2313.22811140389,5613.92993422806
"AR(1) log-rate","r_state_abbr__logB[PA,Intercept]",0.035598143550399,0.0915844848433767,0.0361454446808587,-0.145519012577476,0.21337862140246,1.00004022430189,3392.64435340577,7700.74100478844
"AR(1) log-rate","r_state_abbr__logB[RI,Intercept]",0.107764649985253,0.0902890399524764,0.107978741010799,-0.0666629207974952,0.28701526635638,1.00038048213718,3466.38518488494,6812.0675368718
"AR(1) log-rate","r_state_abbr__logB[SC,Intercept]",-0.240153849529097,0.126075279880876,-0.238071683872093,-0.492143954203074,-0.000478926656814772,1.00061369199359,2250.86046757941,4345.16872637434
"AR(1) log-rate","r_state_abbr__logB[SD,Intercept]",0.169717094371033,0.0903835498278392,0.16961639579685,-0.0099219049191231,0.343771620556475,1.00036736332133,3079.28110273281,7482.50071378527
"AR(1) log-rate","r_state_abbr__logB[TN,Intercept]",-0.261839177602861,0.13721375380563,-0.260875187947389,-0.537249088804676,0.000836308033563982,1.00040269320235,2162.53917838033,4338.09001639935
"AR(1) log-rate","r_state_abbr__logB[TX,Intercept]",0.473816148385564,0.0908696530379623,0.473037855342313,0.295991425670215,0.653391649782939,1.00019949477241,3750.77697742266,7928.94098492521
"AR(1) log-rate","r_state_abbr__logB[UT,Intercept]",0.335777367806315,0.0891005429002787,0.336495430382984,0.161075721330727,0.511664653155967,1.00028368475222,3886.13087800057,7312.1377011933
"AR(1) log-rate","r_state_abbr__logB[VA,Intercept]",-0.151901417786749,0.0886020001773951,-0.151820282095464,-0.326558917635059,0.0208835374736944,1.00012703266033,3520.12699733508,7354.58719762973
"AR(1) log-rate","r_state_abbr__logB[VT,Intercept]",0.265105961634387,0.0941835757595103,0.264978430723913,0.0806939669972351,0.448840771324188,1.0009341022053,3067.60002089392,7455.44115301068
"AR(1) log-rate","r_state_abbr__logB[WA,Intercept]",-0.0899343986755015,0.122436049341026,-0.0902081613346987,-0.333578497631062,0.150531609338667,1.00132349567511,2166.34270465787,4913.29656530895
"AR(1) log-rate","r_state_abbr__logB[WI,Intercept]",0.641295357495686,0.0935058813631786,0.64063063775169,0.460429791344018,0.825642977751941,1.00011083170879,3600.15841917797,7761.08431199427
"AR(1) log-rate","r_state_abbr__logB[WV,Intercept]",-0.369904484494421,0.0893078714118777,-0.369623181490402,-0.545740925578023,-0.194738084723605,1.000463645219,3608.92753004142,7550.83597730136
"AR(1) log-rate","r_state_abbr__logB[WY,Intercept]",0.304610997284284,0.0902683124004607,0.303908794948256,0.128633123902237,0.482501641126301,1.000655453964,3193.14226463675,7420.42546360837
"AR(1) log-rate","r_state_abbr__logW[AK,Intercept]",0.61151703465315,0.0941017806476977,0.611349278228332,0.428592889521679,0.795732502096383,1.00023604075996,3570.5783639005,7305.09562786775
"AR(1) log-rate","r_state_abbr__logW[AL,Intercept]",-0.0854759173358185,0.153242650266791,-0.0843943036081841,-0.388563484429812,0.217036095650946,1.00088659006329,2066.39466325307,4502.12045925173
"AR(1) log-rate","r_state_abbr__logW[AR,Intercept]",0.155639213633058,0.105168884684298,0.155066740389407,-0.0515023643807161,0.362923683847715,1.00069463667355,2558.40685622037,5641.15963731501
"AR(1) log-rate","r_state_abbr__logW[AZ,Intercept]",0.521174791176408,0.0937402878387373,0.521555567182555,0.3337145213319,0.704463316270554,1.00041539167205,3737.32742041169,6760.66205425888
"AR(1) log-rate","r_state_abbr__logW[CA,Intercept]",0.337699586749714,0.104913461247955,0.338204289492904,0.130698361048013,0.541303308490505,1.00008604710033,3196.54750535007,6578.45728351661
"AR(1) log-rate","r_state_abbr__logW[CO,Intercept]",0.162272318725398,0.125275250436244,0.163612471965346,-0.084100369177972,0.41035447128909,1.00032166579014,2657.16515674332,5211.09237081508
"AR(1) log-rate","r_state_abbr__logW[CT,Intercept]",-0.0914111963796788,0.0958993226683128,-0.0908709878567891,-0.282660780973622,0.0951473798612436,1.00002625214121,3611.06045787207,6888.67433124939
"AR(1) log-rate","r_state_abbr__logW[DE,Intercept]",0.692187140188541,0.0939886724324511,0.692017149995215,0.50653970246085,0.8729250022268,1.00013952863801,3719.7174114136,6484.50833540518
"AR(1) log-rate","r_state_abbr__logW[FL,Intercept]",0.0239092457561619,0.125681059656115,0.0249268412936219,-0.223500223541357,0.265889622944822,1.00078508641902,2297.62457104266,5311.72641806509
"AR(1) log-rate","r_state_abbr__logW[GA,Intercept]",0.0319797498140141,0.141463901812853,0.0324736676302772,-0.243233572666133,0.309757036357412,1.0008180911913,2137.32425844344,4780.90842822269
"AR(1) log-rate","r_state_abbr__logW[HI,Intercept]",0.614638597431132,0.0934004553688812,0.614451415237535,0.430920292068258,0.79735215239979,1.00026315480169,3683.29811502469,6647.47697900257
"AR(1) log-rate","r_state_abbr__logW[IA,Intercept]",0.0824336894781952,0.1216157089374,0.0827917265466862,-0.157831750956918,0.321634858300864,1.00043878961699,2780.42371418002,5765.75988868389
"AR(1) log-rate","r_state_abbr__logW[ID,Intercept]",0.461843474593744,0.100803418777739,0.46163940778953,0.264863504677664,0.659564870012521,1.00043551089555,2791.9177047178,6682.8552889755
"AR(1) log-rate","r_state_abbr__logW[IL,Intercept]",-0.387813199897924,0.108479177122353,-0.387998904412745,-0.601489856747445,-0.17569548175153,1.00038288875985,3012.52842604358,5750.24042877593
"AR(1) log-rate","r_state_abbr__logW[IN,Intercept]",-0.131943822200179,0.108750729908339,-0.131101349548915,-0.346969167923955,0.0815063034564312,1.00063093228635,2464.80942252375,5618.44836731696
"AR(1) log-rate","r_state_abbr__logW[KS,Intercept]",-0.0873867548924304,0.092512298794101,-0.0883188173602848,-0.268283716899096,0.0948034586082322,1.00063428404599,3422.65845862959,7014.62287795745
"AR(1) log-rate","r_state_abbr__logW[KY,Intercept]",0.125129216008605,0.0956192316285698,0.125261590195173,-0.0648838736530783,0.31178926329387,1.00094839263095,2932.42938231732,6497.92362562376
"AR(1) log-rate","r_state_abbr__logW[LA,Intercept]",0.194347294161009,0.10100022942106,0.194396441506987,-0.00137868140808863,0.391826885720448,1.00098617656372,2838.72918163407,6128.4140955427
"AR(1) log-rate","r_state_abbr__logW[MA,Intercept]",-0.815687518489007,0.093818741130937,-0.815494455490256,-0.998826469944135,-0.630622226615984,1.00032634010238,3580.13765031342,6586.1609489911
"AR(1) log-rate","r_state_abbr__logW[MD,Intercept]",-0.348894122789824,0.0926607236472779,-0.348727106275739,-0.531700257538953,-0.165984098692402,1.00016637222689,3502.35017578289,7222.41380820775
"AR(1) log-rate","r_state_abbr__logW[ME,Intercept]",-0.409972911032417,0.135379279318058,-0.408627236551501,-0.684343242169441,-0.147472305832399,1.00044596686786,2626.79987080286,4978.56803662216
"AR(1) log-rate","r_state_abbr__logW[MI,Intercept]",-0.0581971071611988,0.130421256956422,-0.0579752535956636,-0.313078111656622,0.193760922685181,1.00084679819832,2215.51499136371,4690.22760140942
"AR(1) log-rate","r_state_abbr__logW[MN,Intercept]",-1.03191957355814,0.0993737167143597,-1.03143785001365,-1.22889840457967,-0.840579130859827,1.00020362079109,3396.83770010822,6892.54005666207
"AR(1) log-rate","r_state_abbr__logW[MO,Intercept]",0.15019440882326,0.147957057649196,0.151846340148892,-0.142333593200134,0.437564558598449,1.00070318289042,2136.9294063425,4756.83567699499
"AR(1) log-rate","r_state_abbr__logW[MS,Intercept]",0.253734526900906,0.10457517719116,0.254868687302789,0.0472384122138596,0.456925809050287,1.00072055084824,2647.88338164429,6136.66498416974
"AR(1) log-rate","r_state_abbr__logW[MT,Intercept]",0.431983915157254,0.12083034846215,0.432961708104699,0.193792678268693,0.669807122583289,1.00018689164332,2749.31861651339,5504.21321594781
"AR(1) log-rate","r_state_abbr__logW[NC,Intercept]",-0.263685983165776,0.0963399686984828,-0.263369069322541,-0.452426770519953,-0.0761037729300163,1.00056879820396,3050.10599806225,6826.83565954095
"AR(1) log-rate","r_state_abbr__logW[ND,Intercept]",-0.344913377771379,0.117864952993091,-0.344243282440051,-0.578612372509209,-0.110670915988989,1.00019647018586,2922.35818502073,5640.37444088851
"AR(1) log-rate","r_state_abbr__logW[NE,Intercept]",-0.326406256865283,0.0944124141600148,-0.326155126543632,-0.514094463678252,-0.142375880980586,1.00028819731766,3422.44555959383,5826.0116913927
"AR(1) log-rate","r_state_abbr__logW[NH,Intercept]",-0.212795345465196,0.0956177009800505,-0.21282987415097,-0.403176881100781,-0.026052295512416,1.00033185248463,3468.34050479493,6680.8065023027
"AR(1) log-rate","r_state_abbr__logW[NJ,Intercept]",-0.630041653967758,0.115858750196966,-0.629331828830504,-0.864059917571135,-0.405059094215492,1.0004323809686,2899.42595226662,5520.2908878401
"AR(1) log-rate","r_state_abbr__logW[NM,Intercept]",-0.210083018388007,0.109956355311157,-0.209149745605331,-0.427771909952331,0.00477543553729219,1.00019686148925,2942.51256089722,5750.01672616681
"AR(1) log-rate","r_state_abbr__logW[NV,Intercept]",0.65794410691925,0.101761027205056,0.658694521325895,0.456475097337633,0.856516727555371,1.0003253141541,3256.7161554227,6157.32638905857
"AR(1) log-rate","r_state_abbr__logW[NY,Intercept]",-0.785696000121336,0.0928980205173726,-0.785183579214412,-0.969955822488491,-0.606438111957169,1.00065580210874,3389.84987392136,7180.44101621246
"AR(1) log-rate","r_state_abbr__logW[OH,Intercept]",-0.13860954197908,0.119445901791012,-0.13814253252919,-0.373508212373817,0.0933967823901789,1.00082191401824,2286.21208333249,5276.07769685066
"AR(1) log-rate","r_state_abbr__logW[OK,Intercept]",0.735103682790931,0.09779413969738,0.735690222131205,0.542985428982391,0.924668132479108,1.00052849596126,3102.72962662396,6590.67495572508
"AR(1) log-rate","r_state_abbr__logW[OR,Intercept]",0.367875442717778,0.126670556579825,0.367467771297536,0.118423177950501,0.619489155246775,1.00045325791025,2638.08120839251,5541.38460169789
"AR(1) log-rate","r_state_abbr__logW[PA,Intercept]",-0.612147188362276,0.0988121245690308,-0.611835397718037,-0.804294817248902,-0.417743279519036,1.00077972059138,2934.02452710906,6118.71759177902
"AR(1) log-rate","r_state_abbr__logW[RI,Intercept]",-0.0831317992257986,0.0945923955301753,-0.0827435996230149,-0.270754154023685,0.102103604430738,1.0004065761048,3502.57892295314,6773.9726533959
"AR(1) log-rate","r_state_abbr__logW[SC,Intercept]",-0.191448881929053,0.149142824854267,-0.190980927724105,-0.487850910833558,0.095810995145011,1.00084999659778,2092.37575108852,4797.23116696681
"AR(1) log-rate","r_state_abbr__logW[SD,Intercept]",0.336945219993208,0.0953765445802126,0.337285230346131,0.149032634469582,0.523213110892846,1.00054270417641,3379.14709149987,7340.10624868831
"AR(1) log-rate","r_state_abbr__logW[TN,Intercept]",-0.239681086753759,0.16157183837612,-0.240307777504915,-0.557339300026533,0.0755039561083244,1.00083683440853,2068.46225141698,4545.73636624881
"AR(1) log-rate","r_state_abbr__logW[TX,Intercept]",0.614987040075523,0.0977823862690374,0.614846206511446,0.422247126080825,0.806982439605305,1.00065589173876,2851.34237561845,5866.80748232675
"AR(1) log-rate","r_state_abbr__logW[UT,Intercept]",-0.107438156496244,0.0939886085254532,-0.107476970291588,-0.291257310438012,0.076556423298699,1.00055545368237,3196.18179777924,6491.75326926606
"AR(1) log-rate","r_state_abbr__logW[VA,Intercept]",-0.170165803167409,0.0946921439668652,-0.169149399898477,-0.357238103980766,0.0141155865381989,1.00054086531598,3184.17076112,7570.43843002895
"AR(1) log-rate","r_state_abbr__logW[VT,Intercept]",0.173883866607706,0.0986119153015039,0.174368616854993,-0.0217305459101627,0.365755378398134,1.00009441159414,3300.21758914652,6180.92251639842
"AR(1) log-rate","r_state_abbr__logW[WA,Intercept]",0.0038043959169428,0.137054178528897,0.00434773520258185,-0.269124145387243,0.270767181380164,1.00040440976555,2516.54555361302,4983.06678846015
"AR(1) log-rate","r_state_abbr__logW[WI,Intercept]",-0.21439089406028,0.100442090288424,-0.215126584373908,-0.411227700348649,-0.0162248998810375,1.00068792483425,2849.96769359428,6228.95828379951
"AR(1) log-rate","r_state_abbr__logW[WV,Intercept]",-0.134992684733548,0.0939338638412247,-0.135006397247589,-0.319420531371645,0.0489545705127085,1.00053292123236,3423.56379407559,6865.65197595519
"AR(1) log-rate","r_state_abbr__logW[WY,Intercept]",0.284557819994415,0.0938886052292391,0.284879287959407,0.0991677656439235,0.467274443215078,1.0002634441461,3473.92068857318,6904.08328472201
"AR(1) log-rate","lprior",-15.7120603506771,0.0123289462912996,-15.7105503540159,-15.7411173488681,-15.6923819254871,1.00070237551412,2468.84257784288,3501.37238513541
"AR(1) log-rate","lp__",2665.95836261212,10.5356567154948,2666.34404097151,2644.3392919884,2685.63511490641,1.0011421982207,2412.01436381497,5018.57825456528
"Log-rate, no AR(1)","b_logB_Intercept",7.61995659292923,0.0471693109229692,7.62042534382848,7.52789378508288,7.71375783973181,1.00180855305452,1745.04266615599,2642.62545040401
"Log-rate, no AR(1)","b_logW_Intercept",5.92702363403735,0.0621931781952907,5.92724801132679,5.80163731605367,6.04749926680938,1.00382296192194,1927.58917707241,2430.9618490662
"Log-rate, no AR(1)","b_logB_demW",-0.020578830993041,0.00375117204615056,-0.0205354630132174,-0.0278855830523871,-0.0132978931858726,1.00004849445991,8903.53682874676,8452.22560920139
"Log-rate, no AR(1)","b_logB_demM",-0.0237797579057076,0.0486937549326894,-0.0243259364589274,-0.120274956596479,0.0727776975927335,1.00131323992374,2256.494210307,2871.35004552101
"Log-rate, no AR(1)","b_logB_yearc",-0.270305138953095,0.005598668613525,-0.270270495034376,-0.281348699109715,-0.259297207198204,1.00038385483335,8228.72900073176,7511.58727873689
"Log-rate, no AR(1)","b_logW_demW",-0.0268325372205991,0.00401565482753893,-0.0268256146506173,-0.0346804453904754,-0.0190473203992816,1.00028258566551,8480.19123422915,8636.14855474347
"Log-rate, no AR(1)","b_logW_demM",-0.1656317307821,0.0613897845874353,-0.165185714394289,-0.28653744116471,-0.0446050251254047,1.00110653777104,2629.96963783303,3732.88171968131
"Log-rate, no AR(1)","b_logW_yearc",-0.0121999813727683,0.0061303115817786,-0.0121637016221072,-0.0243548722294715,-0.000225597201427562,1.00059838964742,7429.79424551538,7833.91242496002
"Log-rate, no AR(1)","sd_state_abbr__logB_Intercept",0.333934171975689,0.0371103709663136,0.330058807916308,0.273399734254659,0.417238543196917,1.00236504828973,2167.07928481125,3091.92412027073
"Log-rate, no AR(1)","sd_state_abbr__logW_Intercept",0.432156263920524,0.047232455588562,0.427889362517377,0.353828406531503,0.535662177903942,1.00100273269222,1991.93414252561,3090.07420573325
"Log-rate, no AR(1)","cor_state_abbr__logB_Intercept__logW_Intercept",0.494267365190783,0.115035310800593,0.502848537142094,0.240678769605354,0.689038513952509,1.00365876273095,2116.76048986922,3469.04890820916
"Log-rate, no AR(1)","sigma_logB",0.121322215441621,0.00261105794806387,0.121314633359089,0.116158711215147,0.126529991823102,1.00072450064593,6574.66054683683,7560.98166070875
"Log-rate, no AR(1)","sigma_logW",0.132034013478975,0.00285147182270948,0.13189320848466,0.126619277108902,0.137873461631807,1.00013832226288,6724.61698001723,7494.66910234281
"Log-rate, no AR(1)","Intercept_logB",7.62001007357694,0.0471694929367133,7.62047519413295,7.52793860657955,7.71380566141366,1.00180969969241,1745.12374992659,2640.81815104355
"Log-rate, no AR(1)","Intercept_logW",5.92707054512456,0.0621925400801184,5.92728646420684,5.80168346508298,6.04754967827544,1.00382343171714,1927.52429762183,2430.9618490662
"Log-rate, no AR(1)","rescor__logB__logW",0.623593040195887,0.0184744903813847,0.623906050279634,0.586112124057489,0.658486662400411,1.00072026656631,6985.25378935159,7455.46968810132
"Log-rate, no AR(1)","r_state_abbr__logB[AK,Intercept]",0.232332482276181,0.0555734252344307,0.232658751174519,0.120237485295234,0.341645475095226,1.00061807256731,2164.10363444459,3460.64088562157
"Log-rate, no AR(1)","r_state_abbr__logB[AL,Intercept]",-0.0983238800529973,0.109346053113283,-0.0988981544840305,-0.314906454979851,0.119407672862094,1.00114057265208,2180.94410447589,3322.43091965903
"Log-rate, no AR(1)","r_state_abbr__logB[AR,Intercept]",0.0830521499050487,0.0644406321203487,0.0831843269794332,-0.042557516506131,0.210791782171705,1.00129556981474,2173.20883053541,3224.42116880558
"Log-rate, no AR(1)","r_state_abbr__logB[AZ,Intercept]",0.323091570148039,0.055213044566351,0.323866572426723,0.2123639531728,0.430202117569004,1.00088079090098,2171.45627295068,3649.83384597439
"Log-rate, no AR(1)","r_state_abbr__logB[CA,Intercept]",0.230896586553205,0.0671349012710473,0.231643501245169,0.0957852858947506,0.360667767743392,1.00094432139489,2201.68969134418,3498.35685143719
"Log-rate, no AR(1)","r_state_abbr__logB[CO,Intercept]",0.254551558389352,0.0870275644405564,0.255768568102863,0.0798520268623131,0.421572762008017,1.00139682053982,2233.04631466738,2997.45674098624
"Log-rate, no AR(1)","r_state_abbr__logB[CT,Intercept]",0.350440165738103,0.0582393522118177,0.350601681130087,0.233308539164809,0.463583710079223,1.00061533163111,2183.75243648589,3302.13462962695
"Log-rate, no AR(1)","r_state_abbr__logB[DE,Intercept]",0.364380094120973,0.0543808166746042,0.365141609308761,0.255478868356852,0.471616392757186,1.00104924051884,2162.1941857014,3598.98375036898
"Log-rate, no AR(1)","r_state_abbr__logB[FL,Intercept]",0.0636845303201724,0.0839152720440964,0.0637336071816307,-0.101658584726361,0.232881904561268,1.00156686972227,2227.75925703427,3327.15542309891
"Log-rate, no AR(1)","r_state_abbr__logB[GA,Intercept]",-0.32254045052492,0.098119684402714,-0.322862213346105,-0.517204487551891,-0.130049140539169,1.00146019169183,2182.15442815478,3357.2632978265
"Log-rate, no AR(1)","r_state_abbr__logB[HI,Intercept]",-0.655147935703241,0.0544123740759945,-0.654628382160588,-0.763577998658356,-0.550066030872161,1.0008675709186,2164.08688684038,3652.98591110059
"Log-rate, no AR(1)","r_state_abbr__logB[IA,Intercept]",0.509908748881748,0.0836874927272356,0.511335479296943,0.33654412454683,0.667836539711568,1.0014838705571,2253.38617751826,3216.91618350808
"Log-rate, no AR(1)","r_state_abbr__logB[ID,Intercept]",0.0845884510239986,0.060327076350022,0.0849717062053124,-0.0329701331969749,0.20553419503519,1.00139208662377,2161.9562354962,3668.56657935577
"Log-rate, no AR(1)","r_state_abbr__logB[IL,Intercept]",-0.0113244470646015,0.0701174519109051,-0.010128596690437,-0.154730586144339,0.122825013638643,1.00091663664618,2263.15419259534,3499.69533028668
"Log-rate, no AR(1)","r_state_abbr__logB[IN,Intercept]",0.0895135686977448,0.0694183209805865,0.0887169667997391,-0.0465550607321876,0.226335568477118,1.00176285741996,2144.60454470822,3622.67292688648
"Log-rate, no AR(1)","r_state_abbr__logB[KS,Intercept]",0.170364998456052,0.0535966948967124,0.170892669733851,0.0629682233022407,0.274959510249522,1.00065415740819,2189.9701795418,3832.46557944511
"Log-rate, no AR(1)","r_state_abbr__logB[KY,Intercept]",0.0514402936678154,0.0559161920182618,0.0511991993304012,-0.0583926738673155,0.162479956995324,1.00086925121509,2148.34177375671,3759.99033168649
"Log-rate, no AR(1)","r_state_abbr__logB[LA,Intercept]",0.195976666849636,0.0618263718530673,0.19510494221221,0.0771943154126407,0.320059551051825,1.00140107847103,2171.07148424574,3683.8253892514
"Log-rate, no AR(1)","r_state_abbr__logB[MA,Intercept]",-0.855746142200683,0.055104460720303,-0.855341656806307,-0.965532665860783,-0.750015496214828,1.0005689475152,2158.23282256919,3427.41767912594
"Log-rate, no AR(1)","r_state_abbr__logB[MD,Intercept]",-0.457683979229823,0.0533505632537123,-0.457681835928994,-0.562866930294657,-0.353993840057507,1.00073999504161,2166.17457342378,3510.64201979444
"Log-rate, no AR(1)","r_state_abbr__logB[ME,Intercept]",-0.476929211900173,0.0961130885267008,-0.475093271293214,-0.66959506567955,-0.295100959363969,1.00125701154583,2255.54839115877,3135.36371052147
"Log-rate, no AR(1)","r_state_abbr__logB[MI,Intercept]",0.124475678711341,0.0882642585468959,0.123731939739147,-0.0500942468780104,0.299651380447982,1.00147191358778,2190.04620189993,3363.47462675432
"Log-rate, no AR(1)","r_state_abbr__logB[MN,Intercept]",-0.226589917767587,0.0605035457529863,-0.225000987256321,-0.349190811509766,-0.110562471222809,1.00070872477751,2275.75137211316,3305.7285124318
"Log-rate, no AR(1)","r_state_abbr__logB[MO,Intercept]",0.101805575607422,0.104179193084139,0.101651557220649,-0.10073983439198,0.310198824262545,1.00108569005896,2176.77638391564,3232.02810702422
"Log-rate, no AR(1)","r_state_abbr__logB[MS,Intercept]",-0.108644230173563,0.0646021848907369,-0.109292850453611,-0.235625405409163,0.0201154566837931,1.00123762132896,2179.1779756563,3688.10860413966
"Log-rate, no AR(1)","r_state_abbr__logB[MT,Intercept]",0.0907060814330198,0.0829659322045973,0.0921558149950033,-0.0760117230076396,0.250085296745793,1.00162351958643,2257.67625559409,3299.90466079526
"Log-rate, no AR(1)","r_state_abbr__logB[NC,Intercept]",-0.376499599153859,0.0559536912431356,-0.376660194552288,-0.48477119981044,-0.267196444909835,1.00160435402531,2165.02986668761,3824.34905947768
"Log-rate, no AR(1)","r_state_abbr__logB[ND,Intercept]",-0.493437651843309,0.0798328131101139,-0.492193442037133,-0.655324208755752,-0.338464430996732,1.00090101732418,2242.84197651437,3165.70107080208
"Log-rate, no AR(1)","r_state_abbr__logB[NE,Intercept]",0.0538855551373206,0.0539876213732796,0.0537712436220221,-0.0519794206417489,0.15928258703371,1.0009619432357,2172.27813381586,3500.25221349311
"Log-rate, no AR(1)","r_state_abbr__logB[NH,Intercept]",-0.498961913112155,0.057851395773032,-0.499046326448961,-0.613395115558825,-0.386192995778312,1.0009747192944,2187.72902336613,3724.99607792582
"Log-rate, no AR(1)","r_state_abbr__logB[NJ,Intercept]",-0.165275831565421,0.0773626379959929,-0.163991546823016,-0.322459314512521,-0.0169868676119304,1.00129670388116,2236.35282623282,3183.96401811885
"Log-rate, no AR(1)","r_state_abbr__logB[NM,Intercept]",-0.102537174093061,0.0731201762505961,-0.101714929223411,-0.24972917410608,0.0379962317699294,1.00114648307647,2223.5415956754,3058.98801477727
"Log-rate, no AR(1)","r_state_abbr__logB[NV,Intercept]",0.103654407935329,0.0638492194723851,0.104633834295751,-0.0226123588398289,0.227421464483897,1.00129976682931,2231.32659460091,3387.04646474428
"Log-rate, no AR(1)","r_state_abbr__logB[NY,Intercept]",-0.445638886379604,0.0532411865913022,-0.445091355170443,-0.551171013619004,-0.342068550441813,1.00084625856067,2183.41200053009,3624.33076306274
"Log-rate, no AR(1)","r_state_abbr__logB[OH,Intercept]",0.116339150570518,0.0792650638507262,0.116190740536195,-0.0407828971202563,0.275397790479045,1.00126404483462,2175.40720217931,3423.31161027134
"Log-rate, no AR(1)","r_state_abbr__logB[OK,Intercept]",0.511901885669891,0.0580377996779149,0.51168137954843,0.399194847207969,0.627128448557492,1.00105375878976,2198.69157494337,3660.70023786246
"Log-rate, no AR(1)","r_state_abbr__logB[OR,Intercept]",0.179752029948829,0.0877965812166074,0.180646126502303,0.00117686791928219,0.348494826148479,1.0010102325296,2271.74985967647,2952.18463592605
"Log-rate, no AR(1)","r_state_abbr__logB[PA,Intercept]",0.150832435970896,0.0591173526203578,0.150815799694871,0.0355950585111906,0.267058710051792,1.00153490727285,2204.89965673065,3569.11501887196
"Log-rate, no AR(1)","r_state_abbr__logB[RI,Intercept]",0.0436330516474397,0.0551538398293981,0.0439477920154637,-0.065659240154356,0.151406164323173,1.00104377768083,2198.61480884807,3754.19837179544
"Log-rate, no AR(1)","r_state_abbr__logB[SC,Intercept]",-0.305837116273809,0.10481890655212,-0.305501965994259,-0.512582116092855,-0.0976584548494348,1.0015527913336,2199.22645922379,3318.33662351298
"Log-rate, no AR(1)","r_state_abbr__logB[SD,Intercept]",0.192666173912621,0.0577252941293457,0.19323425567476,0.0777475030879753,0.306715391203403,1.00059968629194,2236.17989082479,3239.25562424306
"Log-rate, no AR(1)","r_state_abbr__logB[TN,Intercept]",-0.25845416953134,0.116773780710151,-0.259853564686068,-0.490328231839145,-0.0284947850224905,1.00146732738493,2205.97378080858,3525.84570601822
"Log-rate, no AR(1)","r_state_abbr__logB[TX,Intercept]",0.301040847260421,0.058011443508056,0.3009496582792,0.188284982771952,0.415641650054685,1.00101920111796,2076.68950696263,3619.92636728001
"Log-rate, no AR(1)","r_state_abbr__logB[UT,Intercept]",0.0307116954742039,0.0540715685363523,0.0310434625199636,-0.075798504434229,0.13574564743828,1.00078540387204,2153.04275952159,3436.95770407662
"Log-rate, no AR(1)","r_state_abbr__logB[VA,Intercept]",-0.0579294905944147,0.054861093713485,-0.0582228565305645,-0.16654332902154,0.0499276286032373,1.00173653873028,2169.93629822884,3396.47294845854
"Log-rate, no AR(1)","r_state_abbr__logB[VT,Intercept]",0.471831812524721,0.0611487546918959,0.473016979480078,0.350305455505631,0.588346834827053,1.00085687225746,2232.2973003581,3578.50774274835
"Log-rate, no AR(1)","r_state_abbr__logB[WA,Intercept]",-0.181255242231121,0.0974916001086125,-0.180210581840889,-0.376376740199395,0.00623897048725718,1.00132867686956,2241.74232890076,3185.31609400451
"Log-rate, no AR(1)","r_state_abbr__logB[WI,Intercept]",0.658489097088714,0.0603705696192522,0.65831472025061,0.54125640872084,0.778122216872187,1.00126366382007,2131.20145778415,3650.90747433219
"Log-rate, no AR(1)","r_state_abbr__logB[WV,Intercept]",-0.168433910361209,0.053711985013989,-0.168333063456269,-0.274139220137997,-0.0633851875492994,1.00082894771458,2191.09103284035,3300.28669042472
"Log-rate, no AR(1)","r_state_abbr__logB[WY,Intercept]",0.162087286817277,0.0557225063630916,0.16257705310215,0.0491441070051775,0.268658102937843,1.00074521381475,2097.54030799093,3136.88633634228
"Log-rate, no AR(1)","r_state_abbr__logW[AK,Intercept]",0.623192777135797,0.071239132149772,0.621678981650126,0.483288742170258,0.765813701148729,1.00277789094343,2296.92244541913,3164.43025504411
"Log-rate, no AR(1)","r_state_abbr__logW[AL,Intercept]",0.0778512363114684,0.135331693837239,0.0756481695162623,-0.187958634564065,0.348613596513664,1.0015677755384,2410.38302622988,3822.02312907659
"Log-rate, no AR(1)","r_state_abbr__logW[AR,Intercept]",0.319075477067943,0.0800555687414637,0.318747520718072,0.164094093446092,0.478372280396662,1.00305356643046,2239.09899227624,3814.43531874483
"Log-rate, no AR(1)","r_state_abbr__logW[AZ,Intercept]",0.565894934948924,0.0711315199444742,0.56524281021583,0.429197833925235,0.706834102726673,1.00306763991291,2304.13917714671,3550.68311388785
"Log-rate, no AR(1)","r_state_abbr__logW[CA,Intercept]",0.0212597496281702,0.0876353349457103,0.0194276560686504,-0.151882799148148,0.193987171845385,1.00188187833562,2454.62968662439,3002.50041580288
"Log-rate, no AR(1)","r_state_abbr__logW[CO,Intercept]",0.199343893714369,0.112897863967956,0.197535809673141,-0.0247892640297224,0.426692436713269,1.00174067891439,2548.97810850871,3003.70745381376
"Log-rate, no AR(1)","r_state_abbr__logW[CT,Intercept]",-0.1468527393371,0.0752716425428156,-0.147092629517133,-0.294812680674195,0.00271441567873456,1.00215626629236,2397.92458269938,3560.64578249504
"Log-rate, no AR(1)","r_state_abbr__logW[DE,Intercept]",0.49904743323859,0.0691725400423862,0.498501264183132,0.364172993465594,0.637119020975389,1.00347918662587,2201.80649821738,2991.02754933293
"Log-rate, no AR(1)","r_state_abbr__logW[FL,Intercept]",0.180393190329089,0.10423053901286,0.179967751399027,-0.023878678271867,0.386841397899655,1.00200580374207,2363.57070201392,3801.61967627961
"Log-rate, no AR(1)","r_state_abbr__logW[GA,Intercept]",-0.00808619183144927,0.121356514201853,-0.00909374823424653,-0.243439296373136,0.235314150795583,1.00175868381712,2398.74804249842,3775.93200476186
"Log-rate, no AR(1)","r_state_abbr__logW[HI,Intercept]",0.544255512297403,0.0703496066292331,0.544319346206745,0.407466845416778,0.683118942267997,1.00236214233881,2298.52997814604,3096.09109937515
"Log-rate, no AR(1)","r_state_abbr__logW[IA,Intercept]",0.0959389584088546,0.108128022187447,0.0943323633743916,-0.116921626327637,0.311538866232552,1.00173629367737,2581.19610622101,3216.03892195807
"Log-rate, no AR(1)","r_state_abbr__logW[ID,Intercept]",0.449832763152319,0.0754042014973497,0.449607052218517,0.306520961630296,0.599400983222105,1.00310750677363,2258.51771284149,3768.775269551
"Log-rate, no AR(1)","r_state_abbr__logW[IL,Intercept]",-0.34367597026007,0.0906213285215019,-0.344321954472483,-0.522770066193143,-0.161132301062591,1.00185668202971,2547.69616612635,3073.61974316137
"Log-rate, no AR(1)","r_state_abbr__logW[IN,Intercept]",-0.0163510874641492,0.0858064514395306,-0.0173010317262894,-0.180006592131651,0.153933718403862,1.00221639979051,2304.64499727175,3958.91532084369
"Log-rate, no AR(1)","r_state_abbr__logW[KS,Intercept]",-0.0670555530935526,0.0676861200482402,-0.0669799772371235,-0.199815501081328,0.0661429140094192,1.00277220838934,2204.29556753584,3258.49377869935
"Log-rate, no AR(1)","r_state_abbr__logW[KY,Intercept]",0.372356476628815,0.0699548872989517,0.372375710531139,0.235933687507248,0.510795289513719,1.00308559182774,2250.42545053752,3753.00130174384
"Log-rate, no AR(1)","r_state_abbr__logW[LA,Intercept]",0.330117755984416,0.076896019910074,0.329396691072167,0.182443261842212,0.482937484250438,1.002870167995,2283.74234196125,4019.77844125478
"Log-rate, no AR(1)","r_state_abbr__logW[MA,Intercept]",-1.05120149825799,0.0707507771691953,-1.05188989966206,-1.18978646391626,-0.908203870543409,1.00259690413832,2333.18264721841,3324.96799063746
"Log-rate, no AR(1)","r_state_abbr__logW[MD,Intercept]",-0.431741759860836,0.0686028335357243,-0.431757172822086,-0.565605074411201,-0.296086995026512,1.00324521904363,2258.66953695217,3199.46885793146
"Log-rate, no AR(1)","r_state_abbr__logW[ME,Intercept]",-0.322177162366195,0.124182845619323,-0.323915336697432,-0.564440556430427,-0.0715921477439967,1.00140562991356,2658.45120519906,2933.52173985476
"Log-rate, no AR(1)","r_state_abbr__logW[MI,Intercept]",-0.245785778010202,0.109384293824604,-0.246694295847392,-0.458246153072033,-0.0297634383696362,1.00188002919546,2356.41928841829,3871.24442833387
"Log-rate, no AR(1)","r_state_abbr__logW[MN,Intercept]",-0.817266848793953,0.0780710734962718,-0.817216589149501,-0.973008489083556,-0.660651215282364,1.0024072777806,2409.36882579794,3244.06323416128
"Log-rate, no AR(1)","r_state_abbr__logW[MO,Intercept]",0.0777267680767319,0.129299998780139,0.076674214964808,-0.173878950171656,0.334795593071322,1.00161602326921,2429.93171968668,3784.1487835315
"Log-rate, no AR(1)","r_state_abbr__logW[MS,Intercept]",0.342419612907998,0.0798477171888117,0.341602384918856,0.188300818292344,0.501811028985548,1.00265491771656,2282.06206511414,4053.49742150565
"Log-rate, no AR(1)","r_state_abbr__logW[MT,Intercept]",0.440736610731139,0.107438808433335,0.439443136336468,0.228615823174497,0.656868678782864,1.00154220482744,2571.85403188974,2978.35142336866
"Log-rate, no AR(1)","r_state_abbr__logW[NC,Intercept]",-0.252046935984352,0.0701865032776041,-0.253349374796387,-0.387753949569013,-0.112841186413718,1.00335997877608,2243.68564442729,3688.68052054442
"Log-rate, no AR(1)","r_state_abbr__logW[ND,Intercept]",-0.251831240796467,0.103500011964635,-0.253802061176661,-0.455294669126386,-0.0436912993875813,1.00141865767201,2550.08730606069,2907.48068405536
"Log-rate, no AR(1)","r_state_abbr__logW[NE,Intercept]",-0.303112631955891,0.0689188867388491,-0.303629850765496,-0.437417527627718,-0.165034270936246,1.00320975462226,2258.04856639818,3386.41854460851
"Log-rate, no AR(1)","r_state_abbr__logW[NH,Intercept]",-0.213986233804535,0.0746937844486425,-0.214763766345759,-0.361929084647391,-0.0662863937638113,1.00275096991296,2336.32055656262,2948.66583342555
"Log-rate, no AR(1)","r_state_abbr__logW[NJ,Intercept]",-0.824886237303446,0.100246664860386,-0.825938215604713,-1.0220235377296,-0.625769479628138,1.00171145820864,2543.78126174974,2930.76858368271
"Log-rate, no AR(1)","r_state_abbr__logW[NM,Intercept]",-0.0779240118947587,0.0947465408381575,-0.0780924351134952,-0.265258049484653,0.11022572891612,1.0018854252411,2479.27726377174,3104.9077739476
"Log-rate, no AR(1)","r_state_abbr__logW[NV,Intercept]",0.544429859012673,0.0830989926779125,0.543971224836822,0.378468917012179,0.709960822531355,1.00233547408076,2440.50101150286,3344.0531064878
"Log-rate, no AR(1)","r_state_abbr__logW[NY,Intercept]",-0.90157770212361,0.0680144237626244,-0.901519397236204,-1.03347732335988,-0.766203173095233,1.0030675137534,2231.35712051516,3455.00998886708
"Log-rate, no AR(1)","r_state_abbr__logW[OH,Intercept]",-0.156758168967626,0.0979335141742277,-0.157331222907775,-0.345407509719193,0.0368208489672318,1.00233749638954,2307.5384126106,3881.60967003964
"Log-rate, no AR(1)","r_state_abbr__logW[OK,Intercept]",0.630227489154601,0.0726401415482157,0.62856684047015,0.492320251344227,0.775320230717224,1.00356095696739,2225.00986799455,3849.73009931703
"Log-rate, no AR(1)","r_state_abbr__logW[OR,Intercept]",0.525612855411593,0.113828719079515,0.523792876957333,0.299127242466866,0.754883376305644,1.00134757976576,2541.07130652909,3130.0125934105
"Log-rate, no AR(1)","r_state_abbr__logW[PA,Intercept]",-0.418953436298295,0.0737588929358562,-0.420164675314899,-0.562323018649288,-0.271394950455779,1.00280928491366,2298.09987578239,3957.52960960549
"Log-rate, no AR(1)","r_state_abbr__logW[RI,Intercept]",-0.313127940447092,0.0710886064814291,-0.313984663538716,-0.45364278083305,-0.16995891414756,1.00275246293571,2348.05502050829,3223.50272577615
"Log-rate, no AR(1)","r_state_abbr__logW[SC,Intercept]",-0.332917500779851,0.130097816809455,-0.334366578192346,-0.586796356922577,-0.0720983009960168,1.00180013897631,2408.88026434135,3837.06430164954
"Log-rate, no AR(1)","r_state_abbr__logW[SD,Intercept]",0.280729780315515,0.0745657014423013,0.280251916849518,0.135706686365263,0.428159727376037,1.00244750623622,2354.96813345751,3337.91680852977
"Log-rate, no AR(1)","r_state_abbr__logW[TN,Intercept]",-0.239632874706767,0.144223517063297,-0.24065818478405,-0.523263031653241,0.0492986051705387,1.00140521367076,2449.53426647784,3685.2971966938
"Log-rate, no AR(1)","r_state_abbr__logW[TX,Intercept]",0.50055731989571,0.0730648881383724,0.499799881727448,0.36003399423353,0.645312084786759,1.00290782559633,2165.0728312325,3838.92706696902
"Log-rate, no AR(1)","r_state_abbr__logW[UT,Intercept]",-0.318034485407038,0.0684071749781155,-0.319125549157992,-0.450212067275587,-0.181020795039855,1.00275961343356,2174.04954558227,3621.17602734239
"Log-rate, no AR(1)","r_state_abbr__logW[VA,Intercept]",-0.0507649110975524,0.0690109710273147,-0.0513734785872856,-0.181948664407442,0.0855273676702498,1.00341511333382,2231.46004856977,3043.7253591541
"Log-rate, no AR(1)","r_state_abbr__logW[VT,Intercept]",0.143479608170067,0.079102712045716,0.143744858072611,-0.0122508365092651,0.300039181295309,1.00227778344412,2401.8322231925,3286.11853184534
"Log-rate, no AR(1)","r_state_abbr__logW[WA,Intercept]",0.0771280166214289,0.126350908165638,0.0761988579246942,-0.172645391120464,0.328952951644406,1.00126720129752,2628.3625112064,3211.73217332394
"Log-rate, no AR(1)","r_state_abbr__logW[WI,Intercept]",-0.227384207899866,0.0752721533942476,-0.22843777053862,-0.371353911738663,-0.0793193199500987,1.00286335917119,2194.27812946038,3869.60122325196
"Log-rate, no AR(1)","r_state_abbr__logW[WV,Intercept]",0.21483021542835,0.0685470334597654,0.214621157214853,0.0831848219157919,0.351137508252318,1.00342264157289,2245.3110608292,3225.85587722525
"Log-rate, no AR(1)","r_state_abbr__logW[WY,Intercept]",0.372070598946939,0.0722266666705597,0.37242609359788,0.232128663527845,0.516074226403346,1.00268862478097,2339.14746128393,3263.44731712164
"Log-rate, no AR(1)","lprior",-15.7220966964221,0.0131755672122287,-15.7199815408047,-15.7532052564257,-15.7025437602954,1.00114904258677,2509.01054866901,3296.47773177601
"Log-rate, no AR(1)","lp__",1611.31762775813,10.5804869934308,1611.5920699835,1589.8274026668,1630.99284371121,1.00090154194858,1847.47642760901,3542.89058906794
"Region + AR(1)","b_logB_Intercept",7.64906716019881,0.102147432919725,7.64971617269335,7.44551717983466,7.84780465594725,1.00108692177005,3325.45616253545,5430.381369292
"Region + AR(1)","b_logW_Intercept",5.6344334947296,0.102062204292718,5.63472306060626,5.43452421568692,5.83635805078587,1.0018755708365,3701.83542131785,6305.21446706059
"Region + AR(1)","b_logB_demW",-0.00331052645799939,0.00466045676834016,-0.00328309968175246,-0.0124391083325989,0.00575378349250079,0.999983374961255,14163.9626578955,13344.5129918876
"Region + AR(1)","b_logB_demM",-0.0192628857246342,0.0648802223757801,-0.0199672677455422,-0.145870827052521,0.109206391961212,1.00085359132788,3640.32771975071,5797.00987543964
"Region + AR(1)","b_logB_yearc",-0.241418500825198,0.0158791023324245,-0.241097806105826,-0.273301962472789,-0.210811440699118,1.00042274457239,12279.949414402,11092.6760740652
"Region + AR(1)","b_logB_regionNortheast",-0.248049119598051,0.159143195434795,-0.247815619689234,-0.562136913610515,0.0613104663508563,1.00024849443674,3618.42157221655,5673.76726431422
"Region + AR(1)","b_logB_regionSouth",-0.144216856446976,0.142026088454885,-0.14340394178978,-0.423154168431477,0.135333092832204,1.00310552175923,2863.35545802337,4880.91206314754
"Region + AR(1)","b_logB_regionWest",-0.00262982687241014,0.149994551823559,-0.0027053284684158,-0.298888155297803,0.295263025678645,1.0005676929958,3101.18603721981,5142.18750882345
"Region + AR(1)","b_logW_demW",-0.00714039945769904,0.00443029472018995,-0.00711257613682851,-0.0158391969471129,0.00156014008908533,0.999981565587507,14709.9553292675,12808.7209260265
"Region + AR(1)","b_logW_demM",-0.133612576339885,0.0646024440331673,-0.133833125471967,-0.25858218372229,-0.00594460298364039,1.00055671134871,3834.82212659906,6578.52597602723
"Region + AR(1)","b_logW_yearc",-0.000202557523021053,0.0179591208068519,0.000152613683011872,-0.03667215951576,0.0342252487047879,1.00003330067688,11936.8619875119,11507.2705848739
"Region + AR(1)","b_logW_regionNortheast",-0.207286255370169,0.158353339883694,-0.206532191022365,-0.521074732453882,0.107115727894959,1.0010470868183,3767.88868755274,5308.76877206694
"Region + AR(1)","b_logW_regionSouth",0.263704322825135,0.138466554380277,0.265607941629148,-0.0112786600700945,0.535642812239622,1.00237971372474,3360.76893957339,5060.19731687315
"Region + AR(1)","b_logW_regionWest",0.50862152527824,0.149634562462186,0.508437774340259,0.213692051744524,0.801174860757036,1.00092239843719,3844.94101817297,4958.13479072664
"Region + AR(1)","ar_logB[1]",0.948269461229591,0.0142273830761054,0.948639866418355,0.919111005349199,0.975309340291287,1.00024730227839,12303.8260450931,10834.3379887091
"Region + AR(1)","ar_logW[1]",0.978086319861976,0.0100110554199231,0.978343830302104,0.957750969753858,0.99707011280721,1.00059854952297,14015.7949771405,11977.4894625879
"Region + AR(1)","sd_state_abbr__logB_Intercept",0.34810768785781,0.0402286816255595,0.344654343082207,0.278291021000597,0.436566428985274,1.00225676633193,3457.99627967191,6559.1838547511
"Region + AR(1)","sd_state_abbr__logW_Intercept",0.346710050161854,0.0397491882683359,0.343658542331135,0.278849418251018,0.433681177530177,1.00103133681289,3505.31845303744,6960.5426449069
"Region + AR(1)","cor_state_abbr__logB_Intercept__logW_Intercept",0.502804098892952,0.115823607239325,0.510803059564441,0.252186699564932,0.702802167847513,1.0005277603321,3581.72508462015,6305.09587594436
"Region + AR(1)","sigma_logB",0.0761547097049234,0.00164216551894233,0.0761273141591274,0.0730324765761599,0.0794613486666595,1.00005120556565,12621.6616941207,11903.0012826671
"Region + AR(1)","sigma_logW",0.0717576723145379,0.00154463653099112,0.0717303206245479,0.0687973962124561,0.0748834262924351,1.00035392811658,13951.4127186959,12824.3896933181
"Region + AR(1)","Intercept_logB",7.55755507075813,0.0531283105909975,7.55717990019974,7.45404002921989,7.6639239014456,1.0004560157115,3321.04216767016,4783.64414260859
"Region + AR(1)","Intercept_logW",5.81349851096545,0.0532620761011075,5.81338948491246,5.70906137453013,5.91793736359648,1.00219905278778,3409.53089094641,5722.08049053006
"Region + AR(1)","rescor__logB__logW",0.405182609074764,0.0256676923215381,0.405631369318237,0.353678594326269,0.454366711384848,1.00023350539746,12739.2827093578,12563.9206909644
"Region + AR(1)","r_state_abbr__logB[AK,Intercept]",0.166713958506503,0.120757977803673,0.166586222996152,-0.069171078767111,0.405040231465992,1.00033417404123,3814.77741325095,7573.71736166602
"Region + AR(1)","r_state_abbr__logB[AL,Intercept]",-0.146501891327504,0.132878881484881,-0.148009348568375,-0.407639080929571,0.11436825855722,1.00064712468116,4313.67832487091,7258.07069066996
"Region + AR(1)","r_state_abbr__logB[AR,Intercept]",-0.0193047051244946,0.111421415276273,-0.0187282851735918,-0.240204156087711,0.195877729311021,1.00143209540895,4349.11349395316,8577.76680455786
"Region + AR(1)","r_state_abbr__logB[AZ,Intercept]",0.253951351825735,0.121982176869558,0.252878121919046,0.0163897897544071,0.49613929409303,1.00030072037864,3902.50583620496,7949.98596737859
"Region + AR(1)","r_state_abbr__logB[CA,Intercept]",0.188979138523535,0.119246961854119,0.189324550417252,-0.0431535385139821,0.423082398079283,1.00011437468789,3972.33110778187,7710.73241373452
"Region + AR(1)","r_state_abbr__logB[CO,Intercept]",0.220920056221951,0.12666932816997,0.221818829073874,-0.0268007104455653,0.472163979812542,1.00026801918175,3921.61308726894,7060.80935908181
"Region + AR(1)","r_state_abbr__logB[CT,Intercept]",0.60372748967799,0.134036096731271,0.603585661068069,0.343760047761081,0.870181892893201,1.00031747124281,5109.54615265992,8768.96215744953
"Region + AR(1)","r_state_abbr__logB[DE,Intercept]",0.550485126736374,0.126947762647991,0.550133361066454,0.303439634004581,0.805758822945307,1.00213898322795,3921.77082287437,7904.48318711721
"Region + AR(1)","r_state_abbr__logB[FL,Intercept]",0.0339987973052355,0.116410425121705,0.0337404320770924,-0.193679679870219,0.263076883965871,1.00069278855568,4379.78119134151,7357.14609407139
"Region + AR(1)","r_state_abbr__logB[GA,Intercept]",-0.275813356660581,0.125404738277255,-0.277111923997446,-0.521217018792405,-0.0253410859190557,1.00060288286868,4267.03425472748,7482.9637392552
"Region + AR(1)","r_state_abbr__logB[HI,Intercept]",-0.748711751729386,0.122140805042634,-0.74907929133518,-0.988285318136484,-0.507021096683325,1.00031437430929,3994.40277188914,7571.12014805967
"Region + AR(1)","r_state_abbr__logB[IA,Intercept]",0.478028718463445,0.150664238887829,0.479245211422704,0.18454211724771,0.774218632421591,1.00071163756849,4361.4590714265,7894.94794906849
"Region + AR(1)","r_state_abbr__logB[ID,Intercept]",-0.211272902205689,0.14453260753098,-0.210783690048291,-0.490436201525617,0.0750560443339707,1.00033713826739,3806.364688239,6663.39907136271
"Region + AR(1)","r_state_abbr__logB[IL,Intercept]",-0.114562191191937,0.136495302928399,-0.114212900522024,-0.381557425320009,0.151113833292393,1.00104570984797,4378.87720306959,7702.3116207628
"Region + AR(1)","r_state_abbr__logB[IN,Intercept]",-0.0914314700790126,0.130951744659876,-0.0919925735968397,-0.348674050061406,0.16517990144669,1.00097546832931,3943.82398917934,7227.94406037091
"Region + AR(1)","r_state_abbr__logB[KS,Intercept]",0.064128907916268,0.120501944899329,0.0636198056183155,-0.174747520722701,0.300545676478079,1.00062504394602,4417.57622105206,7728.7249921866
"Region + AR(1)","r_state_abbr__logB[KY,Intercept]",0.0935254830206408,0.11426138664527,0.0929438761221204,-0.128406091981224,0.321148530083547,1.00191917345091,4051.23852783144,8163.78380190137
"Region + AR(1)","r_state_abbr__logB[LA,Intercept]",0.178711447462218,0.111149334608239,0.178269557408443,-0.0395660960930503,0.398151349754887,1.00162964583206,4407.05789799797,8934.80711660703
"Region + AR(1)","r_state_abbr__logB[MA,Intercept]",-0.53708165740865,0.135226551507655,-0.53721960316005,-0.804740263230768,-0.272319983887847,1.00037868031584,4972.07870703658,8301.79890266786
"Region + AR(1)","r_state_abbr__logB[MD,Intercept]",-0.269062089480084,0.124547295781217,-0.269544533551226,-0.513945838719961,-0.0236874527641944,1.00187332734317,3965.18215733197,7597.84836704057
"Region + AR(1)","r_state_abbr__logB[ME,Intercept]",-0.651320926541717,0.155229657817939,-0.649713091262073,-0.960186601697662,-0.346815706648082,1.00061022906469,4685.2468359956,7958.94269685677
"Region + AR(1)","r_state_abbr__logB[MI,Intercept]",0.0230883625382306,0.147005997411538,0.0227355935674122,-0.265213544866845,0.313016615185118,1.00138969024898,3911.42896983811,7063.2903423681
"Region + AR(1)","r_state_abbr__logB[MN,Intercept]",-0.343835481626227,0.128578417813358,-0.34303845426412,-0.596656282838316,-0.0926363452030768,1.00091693203397,4350.35234170974,7496.89103957947
"Region + AR(1)","r_state_abbr__logB[MO,Intercept]",0.0248840264517459,0.162001837994398,0.0240628218454283,-0.290664249381359,0.342080773141166,1.00132370771444,3926.66434242864,7256.1057595573
"Region + AR(1)","r_state_abbr__logB[MS,Intercept]",-0.0623832650256187,0.111540927740387,-0.0630154334676051,-0.281310980468275,0.160590824125846,1.00129762214806,4477.02083114233,8614.6568431796
"Region + AR(1)","r_state_abbr__logB[MT,Intercept]",-0.155689294507296,0.125272520419339,-0.155966799477988,-0.400734172589053,0.0931356938472059,1.00013020942427,3890.94544392801,7798.7961161128
"Region + AR(1)","r_state_abbr__logB[NC,Intercept]",-0.309622331006081,0.114310373491307,-0.309589497046732,-0.534985531046517,-0.0851290774643195,1.00206130737395,4247.48928835159,8200.14847847625
"Region + AR(1)","r_state_abbr__logB[ND,Intercept]",-0.5327417184486,0.146988516462007,-0.533856703473838,-0.823182684198158,-0.244004747494318,1.00090674951027,4268.23338654141,7571.48501863892
"Region + AR(1)","r_state_abbr__logB[NE,Intercept]",-0.175075868835086,0.122626893783716,-0.174820250453058,-0.418015582189371,0.0658458602066334,1.0005214860883,4252.29804324395,8169.77735224067
"Region + AR(1)","r_state_abbr__logB[NH,Intercept]",-0.311752603726082,0.134575491344554,-0.310582792204688,-0.576218498495791,-0.0504361787725798,1.00035004181037,5069.11590319132,7610.33107607784
"Region + AR(1)","r_state_abbr__logB[NJ,Intercept]",0.129376900219433,0.140885047652632,0.129906685843189,-0.144887478574776,0.405698772240337,1.00051387755544,4806.13014396646,8722.06064320782
"Region + AR(1)","r_state_abbr__logB[NM,Intercept]",-0.106944558382984,0.121057331493493,-0.106836826945669,-0.344621218626573,0.133285122301925,1.00039558180386,3780.08292028215,7711.23635813051
"Region + AR(1)","r_state_abbr__logB[NV,Intercept]",0.087735345635129,0.118864110554895,0.0876339933141839,-0.146026941437179,0.322082508325603,0.999980612554394,4107.0447259541,8043.18827429023
"Region + AR(1)","r_state_abbr__logB[NY,Intercept]",-0.173215429929283,0.137319980007055,-0.17176527856323,-0.442017990688878,0.0963352564450857,1.00042520635468,4702.56129520868,8280.13950519927
"Region + AR(1)","r_state_abbr__logB[OH,Intercept]",0.00963988897214203,0.138202407351564,0.00854781031990356,-0.255755385379686,0.283600393760033,1.00109572480641,3952.75117908323,6759.25986359721
"Region + AR(1)","r_state_abbr__logB[OK,Intercept]",0.548658446501638,0.114226195504562,0.54816104349552,0.324851712724481,0.772989291461087,1.0016840255002,4336.50453138115,9204.20082162317
"Region + AR(1)","r_state_abbr__logB[OR,Intercept]",0.0325577609439548,0.127835918665472,0.0343679412696196,-0.217509862052333,0.282630592284285,1.00002314372428,3999.14499168499,8157.85508645008
"Region + AR(1)","r_state_abbr__logB[PA,Intercept]",0.182412952661781,0.148536334373666,0.182025928722548,-0.108789747394501,0.472844500378835,1.00036710619685,4543.94950332438,8172.13959644594
"Region + AR(1)","r_state_abbr__logB[RI,Intercept]",0.264247478434576,0.134664526967841,0.263663187419187,0.0026382331343528,0.529041692506895,1.00035354469332,4687.63962994154,8056.4223104115
"Region + AR(1)","r_state_abbr__logB[SC,Intercept]",-0.211031483676515,0.12963124094454,-0.212202956262328,-0.46371934673141,0.0463841886491294,1.00063034999543,4235.08302679325,7486.73107918729
"Region + AR(1)","r_state_abbr__logB[SD,Intercept]",0.092019276378103,0.125103279569642,0.0924074588537306,-0.153029162873703,0.341670497794604,1.00073192406002,4212.68260360884,8021.62042023426
"Region + AR(1)","r_state_abbr__logB[TN,Intercept]",-0.23523118553266,0.139288776976295,-0.237398189672255,-0.504919377747867,0.0416890167214159,1.00048790302388,4191.79193047956,7308.54577376065
"Region + AR(1)","r_state_abbr__logB[TX,Intercept]",0.518314031037349,0.113407701139684,0.516724855328958,0.298579182122976,0.74210326280842,1.00144804073652,4472.0304511661,9081.34564940963
"Region + AR(1)","r_state_abbr__logB[UT,Intercept]",0.249009527043022,0.132926543928235,0.248285728522961,-0.00556864518992856,0.510965463003001,1.00036161359964,3977.30530814055,7488.86448659927
"Region + AR(1)","r_state_abbr__logB[VA,Intercept]",-0.103358345702139,0.115503196231724,-0.104631385044974,-0.331223385591591,0.125782630668023,1.00217908577293,4246.25749207884,7925.7615119054
"Region + AR(1)","r_state_abbr__logB[VT,Intercept]",0.428000918693796,0.134986870750164,0.428802013207197,0.165866387972368,0.696434401008712,1.00042879372561,4985.68454454624,8125.98047971563
"Region + AR(1)","r_state_abbr__logB[WA,Intercept]",-0.154718390837144,0.13379686979248,-0.154339142218642,-0.416500483675445,0.107263883959964,1.00021587090972,4042.32328883818,7919.07144090458
"Region + AR(1)","r_state_abbr__logB[WI,Intercept]",0.550896643842352,0.123940953828274,0.550794251601074,0.311261648560867,0.796153368410754,1.00109817910986,4325.85272491893,7173.30003225817
"Region + AR(1)","r_state_abbr__logB[WV,Intercept]",-0.315918811188554,0.126295235981284,-0.314746184010331,-0.564957605485772,-0.0686474837510098,1.00190825201207,3960.07193857745,7254.65928140338
"Region + AR(1)","r_state_abbr__logB[WY,Intercept]",0.223010019812798,0.121610005028885,0.222028298077863,-0.013116679274048,0.463386404125514,1.00029217288978,3996.80271987131,7569.05600625428
"Region + AR(1)","r_state_abbr__logW[AK,Intercept]",0.289353155641212,0.119342491740485,0.288961740458572,0.0541168028224237,0.525896565352211,1.00022280677326,4972.03609769262,7672.72197457054
"Region + AR(1)","r_state_abbr__logW[AL,Intercept]",-0.180488930148053,0.130455658297811,-0.180614624558165,-0.435833533032676,0.0750898309662887,1.00045903917253,4688.56244091146,8652.01719915723
"Region + AR(1)","r_state_abbr__logW[AR,Intercept]",0.0657101845413278,0.109304004118006,0.0649851124467636,-0.149368509367638,0.280919601973782,1.00163607014129,4756.32755798858,8613.59015088619
"Region + AR(1)","r_state_abbr__logW[AZ,Intercept]",0.20146213482975,0.118415857438141,0.200832721607295,-0.0312758908177138,0.432671362249887,1.00017759355028,4800.02738461066,7719.94995090668
"Region + AR(1)","r_state_abbr__logW[CA,Intercept]",0.0249441182776486,0.116948034949068,0.0245178909988447,-0.201524170445084,0.255261185704492,1.00026942681597,4779.90556804673,8555.67876439574
"Region + AR(1)","r_state_abbr__logW[CO,Intercept]",-0.141474526819045,0.125242657878248,-0.142983971160386,-0.385971289995194,0.104415032451958,1.00026332678786,4978.30686871447,8231.1401920572
"Region + AR(1)","r_state_abbr__logW[CT,Intercept]",0.286558504687215,0.132573364975416,0.285892551098736,0.026059060887575,0.54500593087778,1.00189395174857,5101.67155931244,7899.66411407544
"Region + AR(1)","r_state_abbr__logW[DE,Intercept]",0.602853229499178,0.1255432513425,0.603377382528105,0.357848027832496,0.84916929713042,1.00165909321605,4329.6470006372,7915.57286811213
"Region + AR(1)","r_state_abbr__logW[FL,Intercept]",-0.0675315826779412,0.112693784364278,-0.0676240832154426,-0.28767430197355,0.151542056203841,1.00076852251668,5026.13520880759,8324.05421534856
"Region + AR(1)","r_state_abbr__logW[GA,Intercept]",-0.0647028245289045,0.121776662581268,-0.0645177249190277,-0.303528872670464,0.174186048393953,1.00061792556968,4815.73052875593,8719.79256984356
"Region + AR(1)","r_state_abbr__logW[HI,Intercept]",0.285841241469891,0.119922550638254,0.286069897622722,0.0492247790574671,0.523327720450482,0.999954575096582,5053.44481392776,8331.42563438483
"Region + AR(1)","r_state_abbr__logW[IA,Intercept]",0.266617303732927,0.148335137626685,0.266353790365171,-0.0201260261467627,0.563003948790359,1.00107347636702,4326.26478198804,7610.96985822658
"Region + AR(1)","r_state_abbr__logW[ID,Intercept]",0.133154653983332,0.141187656635198,0.133732640477073,-0.146296278263502,0.40576686975149,1.0005696285598,4474.76572052306,7732.77992792991
"Region + AR(1)","r_state_abbr__logW[IL,Intercept]",-0.202465142527701,0.135059549385472,-0.202703033291857,-0.468365432045521,0.0625505109664522,1.0010157966747,4514.25495249025,7837.41909274021
"Region + AR(1)","r_state_abbr__logW[IN,Intercept]",0.0349197348892607,0.127903349363138,0.0352451865750884,-0.216427228088137,0.284244576723277,1.00107235701342,4755.79934627359,8386.33420647247
"Region + AR(1)","r_state_abbr__logW[KS,Intercept]",0.087161004830145,0.118830303642566,0.0863031151703463,-0.148418592186761,0.323613694115483,1.00142919804732,4892.29467847485,8245.96516233398
"Region + AR(1)","r_state_abbr__logW[KY,Intercept]",0.0403228951169208,0.113187597373236,0.0411722958832139,-0.183362183561464,0.261333300384279,1.00162105669889,4576.3450742144,8223.56069790664
"Region + AR(1)","r_state_abbr__logW[LA,Intercept]",0.106124237952299,0.109025436374045,0.106096427574517,-0.109250534137527,0.322214978474259,1.00136674519354,4702.05358899416,8423.59512656004
"Region + AR(1)","r_state_abbr__logW[MA,Intercept]",-0.434616173665029,0.132197410462118,-0.434113492481523,-0.69554159206895,-0.176636027969693,1.00182759794405,5118.18369101733,8049.10337006539
"Region + AR(1)","r_state_abbr__logW[MD,Intercept]",-0.423039676921508,0.1231549776678,-0.422549286919645,-0.663925335697313,-0.182176817491541,1.00166429113827,4249.33329765728,7456.51764408498
"Region + AR(1)","r_state_abbr__logW[ME,Intercept]",-0.0253535894016906,0.1531168090934,-0.025155168302929,-0.328504510878288,0.272716051889258,1.00187123073416,4659.23298888841,6546.60366891096
"Region + AR(1)","r_state_abbr__logW[MI,Intercept]",0.102916677341279,0.144784924801138,0.104095726339057,-0.184119559950353,0.388866599370188,1.00082215006852,4742.18135431081,8226.82796821368
"Region + AR(1)","r_state_abbr__logW[MN,Intercept]",-0.838630648970464,0.126492654476888,-0.837792130783386,-1.08831764105948,-0.592720177290458,1.00120577065585,4798.88764521717,7704.79676912725
"Region + AR(1)","r_state_abbr__logW[MO,Intercept]",0.305119722164023,0.15937667637715,0.303053700825552,-0.00340254239490978,0.623085360925667,1.0008964047934,4430.20936573029,7711.40064837617
"Region + AR(1)","r_state_abbr__logW[MS,Intercept]",0.163413837888386,0.107715693101095,0.162800530410578,-0.0454034383239354,0.374924478696782,1.00124388868777,4856.18442976119,8709.20511596504
"Region + AR(1)","r_state_abbr__logW[MT,Intercept]",0.119661672869821,0.122367488047647,0.12078489002861,-0.119551228238941,0.361838471455262,1.00027088012964,4962.66387386173,7977.14598615089
"Region + AR(1)","r_state_abbr__logW[NC,Intercept]",-0.344268350857811,0.111664854947118,-0.344386995587004,-0.56280127124403,-0.123080276431952,1.00135594790885,4666.80081093625,8309.50118195143
"Region + AR(1)","r_state_abbr__logW[ND,Intercept]",-0.160162229634614,0.145460088862752,-0.158895024703414,-0.445966789127491,0.126869735377436,1.00099223780066,4378.69946154019,7562.96981720455
"Region + AR(1)","r_state_abbr__logW[NE,Intercept]",-0.148594942870927,0.120058262463034,-0.148410014062679,-0.385686582223448,0.0859314840703051,1.00140578399684,4722.34397643071,8241.86100682317
"Region + AR(1)","r_state_abbr__logW[NH,Intercept]",0.162343431415266,0.131903540734279,0.161306386078664,-0.100961872251967,0.417842279323687,1.00199852507052,5251.21199198825,8172.88056154789
"Region + AR(1)","r_state_abbr__logW[NJ,Intercept]",-0.240541393145253,0.139281225439903,-0.239853325182273,-0.518490282481911,0.0282997478787497,1.0020476251928,4727.02220533279,6853.10479663738
"Region + AR(1)","r_state_abbr__logW[NM,Intercept]",-0.512429720293191,0.118628781307415,-0.512129265227358,-0.745177284827746,-0.281037478856418,1.00040534303339,4989.877371828,9093.47652553782
"Region + AR(1)","r_state_abbr__logW[NV,Intercept]",0.337236023124556,0.116294629577996,0.336568738533973,0.111179494433342,0.567244418774284,1.00033897163647,4919.14350990468,7650.79639217311
"Region + AR(1)","r_state_abbr__logW[NY,Intercept]",-0.40361421819081,0.133994133990859,-0.403135902077454,-0.670486890983565,-0.142399529319537,1.00155251054684,5043.86717495299,7849.85263419561
"Region + AR(1)","r_state_abbr__logW[OH,Intercept]",0.0258726168396653,0.135961043516404,0.0275276624474603,-0.241050426022246,0.289029029977843,1.00119554687578,4666.47741068105,8282.31170239397
"Region + AR(1)","r_state_abbr__logW[OK,Intercept]",0.640313373236923,0.110963210793988,0.639667715128684,0.423262367901248,0.858562955508157,1.00154656689264,4794.58038752205,8459.41981658693
"Region + AR(1)","r_state_abbr__logW[OR,Intercept]",0.0597122940101592,0.125498182179442,0.0602649999424153,-0.186999534631428,0.305173149554779,1.00023656164201,4880.34002958852,8798.26438374484
"Region + AR(1)","r_state_abbr__logW[PA,Intercept]",-0.233929309565596,0.144423675029082,-0.233321403839952,-0.521408972767836,0.0469585979037178,1.00158893021494,4891.67737079152,7450.83916998507
"Region + AR(1)","r_state_abbr__logW[RI,Intercept]",0.29105812275197,0.132222616966591,0.29170276361853,0.0287237937165608,0.551198776781035,1.00218309823826,5010.12991624642,8628.71080029351
"Region + AR(1)","r_state_abbr__logW[SC,Intercept]",-0.284225505386539,0.126517212496616,-0.284340955371698,-0.532660769505577,-0.0385304367837071,1.00058748513968,4816.44788565059,8652.50201666011
"Region + AR(1)","r_state_abbr__logW[SD,Intercept]",0.505772798376008,0.123824305597845,0.50342702320164,0.267140882027081,0.752143136552933,1.00109749171803,4762.21291417393,8136.5521097684
"Region + AR(1)","r_state_abbr__logW[TN,Intercept]",-0.33452170486882,0.136325996481776,-0.333830344232383,-0.60310564551179,-0.0677418040470283,1.00025704866972,4692.81529736155,8774.7059354499
"Region + AR(1)","r_state_abbr__logW[TX,Intercept]",0.52336839904404,0.110640820362757,0.523610534410008,0.30817725001292,0.741185362638762,1.00139416415954,4743.58255310883,8510.24785076906
"Region + AR(1)","r_state_abbr__logW[UT,Intercept]",-0.418954966157332,0.130275380608719,-0.419103481619334,-0.677006110915249,-0.165435097886651,1.00005811373043,4760.18920420324,7175.05482048235
"Region + AR(1)","r_state_abbr__logW[VA,Intercept]",-0.250231894610967,0.112778180490417,-0.249752783673225,-0.474567660456885,-0.031171712010048,1.00190845245211,4604.28666684836,8478.36701494577
"Region + AR(1)","r_state_abbr__logW[VT,Intercept]",0.549232915015394,0.131711998292582,0.54941089615678,0.288477218849277,0.807333557963719,1.00199925853292,5007.35209710647,7842.36906429103
"Region + AR(1)","r_state_abbr__logW[WA,Intercept]",-0.298272664595454,0.131311526754746,-0.298441670735373,-0.557069552358105,-0.0389389736504922,1.00052809896476,4657.50475489982,7846.92069049579
"Region + AR(1)","r_state_abbr__logW[WI,Intercept]",-0.03907123917944,0.12164619490725,-0.0394901189460612,-0.280570899591791,0.196347257396625,1.00138040814793,5104.02927877005,8503.13847203985
"Region + AR(1)","r_state_abbr__logW[WV,Intercept]",-0.212352962555755,0.123128675571303,-0.213593699405592,-0.453553923967725,0.0303091694067046,1.00168867621848,4274.1022745544,7143.82522080548
"Region + AR(1)","r_state_abbr__logW[WY,Intercept]",-0.0300952908122642,0.11825438185092,-0.0293701190196377,-0.258975952121429,0.199104914527388,1.0000435848651,5038.66092328746,8611.17905890844
"Region + AR(1)","lprior",-21.514550237799,0.104286888797958,-21.501737090746,-21.7523992972143,-21.3484439797155,1.00057546327558,3881.68660472266,5904.90766641097
"Region + AR(1)","lp__",2660.10976276111,10.4458424110397,2660.40845583193,2638.90763285943,2679.64517523588,1.00072496684227,3520.77547353924,7106.51728808962
"Negative-binomial count","b_Bc_Intercept",-3.88461581716979,0.0464805100215236,-3.88433683628508,-3.97548576767278,-3.79349432730391,1.00185513496346,1855.40425873544,3172.77538923353
"Negative-binomial count","b_Wc_Intercept",-5.57346486517952,0.0611633298881563,-5.57409944022679,-5.69336554903392,-5.45380342648508,1.00135347669934,2182.10493033402,3356.22529476158
"Negative-binomial count","b_Bc_demW",-0.0206713842979164,0.00324011946274013,-0.0207069920345826,-0.0270032074322949,-0.0143232250626557,1.00009952698362,12443.2961974086,8450.3907595811
"Negative-binomial count","b_Bc_demM",-0.0202322486038124,0.0480461718669496,-0.0197887494554306,-0.114501420305651,0.07455886677504,1.00084554409421,2456.14794099324,3223.73030605706
"Negative-binomial count","b_Bc_yearc",-0.269530660361124,0.00530623098305329,-0.269477566663878,-0.279887551953346,-0.25914632761679,1.00027620023556,10713.6440308484,8613.270643909
"Negative-binomial count","b_Wc_demW",-0.0252475044817222,0.00391894140059713,-0.025223314670372,-0.0329472418255314,-0.017646807012534,1.00025768995437,11343.2090426038,8722.71827234952
"Negative-binomial count","b_Wc_demM",-0.164567368188009,0.0616895240642816,-0.165595787452288,-0.284250559996897,-0.0383582431657954,1.0007090113962,2797.33788020726,3584.62572777692
"Negative-binomial count","b_Wc_yearc",-0.00844956739710109,0.00613920761816144,-0.00848414024356982,-0.0205340273374445,0.00342700917698728,1.00028935782118,10335.0486319478,8477.70352089747
"Negative-binomial count","sd_state_abbr__Bc_Intercept",0.330801288047492,0.0354651464488653,0.327619906468025,0.269909239154809,0.408096828296623,1.00111235652699,2240.30129702974,3262.77073584623
"Negative-binomial count","sd_state_abbr__Wc_Intercept",0.430311759527135,0.0464976691021994,0.426876800683198,0.349702994946749,0.532833586768137,1.00087163226421,2268.49471013462,3490.26762272232
"Negative-binomial count","cor_state_abbr__Bc_Intercept__Wc_Intercept",0.492024988842625,0.109493071345853,0.500136871954477,0.258721744802782,0.685301282019313,1.0020298698811,2265.51014130256,3242.53587712088
"Negative-binomial count","shape_Bc",86.9264271230262,4.09420407731554,86.825546262698,79.0806025234519,95.0628014571801,1.00018115261741,8844.34236176649,6953.22928507262
"Negative-binomial count","shape_Wc",61.0379678544872,2.61278337990491,61.0132599145683,56.0041436943227,66.2229722251385,1.000661752005,8079.1044717378,7407.33324750088
"Negative-binomial count","Intercept_Bc",-3.88456343059242,0.0464806081398938,-3.88428361170505,-3.97542566430435,-3.79344938783286,1.00185458686006,1855.51416769552,3172.77538923353
"Negative-binomial count","Intercept_Wc",-5.57341889471393,0.0611632612666082,-5.57404994492229,-5.69331729321855,-5.45377832097792,1.00135381231469,2182.12980506153,3356.22529476158
"Negative-binomial count","r_state_abbr__Bc[AK,Intercept]",0.226565080686826,0.0541739342431388,0.226176714326795,0.122687522755445,0.33317697144606,1.00211806797251,2123.13724950674,4298.0003023364
"Negative-binomial count","r_state_abbr__Bc[AL,Intercept]",-0.0949116308914539,0.10720289068533,-0.0946340720734004,-0.307756569576318,0.114578773339372,1.00075454566887,2622.79909984946,3828.87324903125
"Negative-binomial count","r_state_abbr__Bc[AR,Intercept]",0.091575663716124,0.0620850815152301,0.0905869813890746,-0.0303330805658079,0.215436849630947,1.00097579965391,2468.01434276053,3865.15932077885
"Negative-binomial count","r_state_abbr__Bc[AZ,Intercept]",0.317440340551635,0.0534195722549305,0.317551226371507,0.212662357391951,0.42240367608201,1.0017705820341,2120.53035627561,4182.33097525287
"Negative-binomial count","r_state_abbr__Bc[CA,Intercept]",0.222363423626577,0.0656949005052583,0.222473616537242,0.0941710303670319,0.347706896741244,1.00225827112553,2026.24335131606,4070.6824848667
"Negative-binomial count","r_state_abbr__Bc[CO,Intercept]",0.248628223002696,0.0854691255429089,0.247401737908238,0.082511737190663,0.414184279257869,1.00146623267845,2129.95512966803,3643.08391045904
"Negative-binomial count","r_state_abbr__Bc[CT,Intercept]",0.351391032934975,0.0569028220879579,0.350810945914609,0.240278786820659,0.462933516481966,1.00159718969049,2059.43284541377,3790.60557268787
"Negative-binomial count","r_state_abbr__Bc[DE,Intercept]",0.359188870361881,0.0522653761221094,0.359378181591623,0.255615473021175,0.461929639596629,1.00156727488708,2174.58670704951,4001.54073810139
"Negative-binomial count","r_state_abbr__Bc[FL,Intercept]",0.065794205484544,0.0819006012370909,0.065194214404564,-0.0949816670324648,0.226377226621041,1.00071450744007,2591.72624117159,4056.95915103192
"Negative-binomial count","r_state_abbr__Bc[GA,Intercept]",-0.322620108385901,0.0954887359698076,-0.323077252328175,-0.512919259656414,-0.136352877584196,1.00066475091515,2614.50290209931,4104.19822379607
"Negative-binomial count","r_state_abbr__Bc[HI,Intercept]",-0.653016824820867,0.0540600070260301,-0.652902408949448,-0.759438787878598,-0.547399931878216,1.00214016898618,2213.8332857351,4177.00686130274
"Negative-binomial count","r_state_abbr__Bc[IA,Intercept]",0.499894845061532,0.0822725925472646,0.499252092631724,0.34025087101361,0.661167811651732,1.00126383826779,2107.8427148512,3682.96054823079
"Negative-binomial count","r_state_abbr__Bc[ID,Intercept]",0.0998798000204554,0.0601594301781912,0.0991289637328793,-0.0185573587327267,0.218276469507843,1.00065466647859,2766.20080128435,4297.48868667759
"Negative-binomial count","r_state_abbr__Bc[IL,Intercept]",-0.0159639916481946,0.0680931954170319,-0.0159318054973678,-0.14719351188443,0.117919513515028,1.00151371968188,2116.93084610103,3843.96352733613
"Negative-binomial count","r_state_abbr__Bc[IN,Intercept]",0.087894279897342,0.0673516082382757,0.087398096591019,-0.0428507912182314,0.220274719337556,1.00094384142558,2591.09908618789,4039.40424746532
"Negative-binomial count","r_state_abbr__Bc[KS,Intercept]",0.163488534844095,0.0516644329495436,0.162840901405704,0.0624041359445345,0.264861051597801,1.00135424361222,2214.693509836,3812.85216835252
"Negative-binomial count","r_state_abbr__Bc[KY,Intercept]",0.0497583023474968,0.0537362649750227,0.0489232263706805,-0.0547218510927446,0.156165379119497,1.00125145024173,2405.40745343796,3909.17594061805
"Negative-binomial count","r_state_abbr__Bc[LA,Intercept]",0.194706794866392,0.0598981505211277,0.194029191405968,0.0790139867778741,0.315365896193376,1.00088494027337,2539.52474707564,4135.04013335354
"Negative-binomial count","r_state_abbr__Bc[MA,Intercept]",-0.85612092711028,0.053322874867714,-0.856189013116294,-0.96085553146839,-0.751409030695584,1.00135900179866,2141.14873725281,4038.13017553445
"Negative-binomial count","r_state_abbr__Bc[MD,Intercept]",-0.464141619972876,0.051787947953637,-0.464449907412611,-0.565578818538492,-0.362874497638454,1.00140368774373,2215.54784377039,3993.10481112059
"Negative-binomial count","r_state_abbr__Bc[ME,Intercept]",-0.452358137179597,0.0959413183814037,-0.453451096720908,-0.63881235537272,-0.265042426713636,1.00133229991462,2186.31226188887,3812.16259740357
"Negative-binomial count","r_state_abbr__Bc[MI,Intercept]",0.122063629411852,0.0864269679896556,0.121628377003504,-0.0474611943309661,0.291734172884326,1.00094530380376,2646.69894034472,4024.79655810524
"Negative-binomial count","r_state_abbr__Bc[MN,Intercept]",-0.234424397999656,0.0588704729630518,-0.234506267752069,-0.349794795328979,-0.117784526919168,1.00190198594323,2046.98550067586,4037.29019992904
"Negative-binomial count","r_state_abbr__Bc[MO,Intercept]",0.102042107279156,0.102269430373635,0.102177407606955,-0.0985714680659292,0.302793896415182,1.0006180385166,2622.38407748592,3729.481822123
"Negative-binomial count","r_state_abbr__Bc[MS,Intercept]",-0.111644234701615,0.0624875086510896,-0.112455450355581,-0.234514220654622,0.0117894067896739,1.00107231829767,2595.86348481037,3362.50239388661
"Negative-binomial count","r_state_abbr__Bc[MT,Intercept]",0.0875000291977615,0.0837935802616386,0.0877557870754459,-0.0755170988474739,0.250123642701447,1.00169143937693,2205.90822387436,3901.83449306749
"Negative-binomial count","r_state_abbr__Bc[NC,Intercept]",-0.380562283745719,0.0542820747335087,-0.38068707912591,-0.487606474830145,-0.274665604376506,1.00103866369984,2465.04966862205,3928.67578680856
"Negative-binomial count","r_state_abbr__Bc[ND,Intercept]",-0.504158291567033,0.0804959656641908,-0.504542094921641,-0.659593342327169,-0.347341227031505,1.00146298303783,2233.6634299303,4012.17197760954
"Negative-binomial count","r_state_abbr__Bc[NE,Intercept]",0.0634501773581351,0.0528215010111272,0.0635586722609547,-0.0417961687553906,0.165736816014935,1.00192553412035,2123.85253768876,3917.49035391845
"Negative-binomial count","r_state_abbr__Bc[NH,Intercept]",-0.498466847387356,0.0579484874120973,-0.498895782566762,-0.612443793727788,-0.384789978481971,1.00174992310367,2256.37020437718,4448.71982361979
"Negative-binomial count","r_state_abbr__Bc[NJ,Intercept]",-0.171071901413748,0.0756072250623982,-0.171799905399672,-0.316717685450517,-0.0247251204286527,1.00162514565407,2094.38014420199,3639.18010962471
"Negative-binomial count","r_state_abbr__Bc[NM,Intercept]",-0.108910254519649,0.0720702146434072,-0.108771640598772,-0.249560706489033,0.0300567240942787,1.00140884201514,2131.61747688803,3699.59788214418
"Negative-binomial count","r_state_abbr__Bc[NV,Intercept]",0.0978974834138687,0.0629775422325269,0.0980722965622791,-0.0251485934059501,0.219554653081397,1.00178630541952,2031.7401490509,3917.31480314864
"Negative-binomial count","r_state_abbr__Bc[NY,Intercept]",-0.451440990238686,0.051252020801803,-0.451189519627573,-0.55187893426203,-0.351564141009621,1.0017749967966,2202.40948924924,3719.48590526959
"Negative-binomial count","r_state_abbr__Bc[OH,Intercept]",0.115899339014156,0.0772961302430403,0.115375098041503,-0.0351468649508806,0.267905113142521,1.00064237841737,2593.3507734345,3795.96660023411
"Negative-binomial count","r_state_abbr__Bc[OK,Intercept]",0.509904379072296,0.0559315461766422,0.509195104587703,0.399235745270597,0.621617850240501,1.000929855666,2486.43521694585,4042.71566397587
"Negative-binomial count","r_state_abbr__Bc[OR,Intercept]",0.17094443960271,0.0864206752969552,0.169480505184271,0.00274395196823239,0.33926215984988,1.00143298621447,2132.14149422601,3684.73190806868
"Negative-binomial count","r_state_abbr__Bc[PA,Intercept]",0.148418852702965,0.0570071932000611,0.148255711571252,0.0356993306541042,0.26043751469363,1.00102037025473,2584.01045224172,4215.75294736507
"Negative-binomial count","r_state_abbr__Bc[RI,Intercept]",0.0475375423828742,0.0535851911658191,0.0466828514337284,-0.0574919041731796,0.152161864266568,1.00171159925298,2113.95082150042,3884.91649846363
"Negative-binomial count","r_state_abbr__Bc[SC,Intercept]",-0.306310983600189,0.102794754460718,-0.30636266859704,-0.510115588865103,-0.106197583506548,1.00059327887845,2616.39817595188,3744.3702929194
"Negative-binomial count","r_state_abbr__Bc[SD,Intercept]",0.185852960034374,0.0575115423565327,0.185818822661078,0.0740816398744061,0.298076649360491,1.00141762397047,2219.52540893376,4136.04579097722
"Negative-binomial count","r_state_abbr__Bc[TN,Intercept]",-0.257828676722352,0.114271978015576,-0.257609827615655,-0.482785880628377,-0.0341506372167563,1.00069493988926,2594.98399491051,3734.11216819137
"Negative-binomial count","r_state_abbr__Bc[TX,Intercept]",0.300817398654341,0.0562499036351076,0.30029585108811,0.19002496676781,0.41215757817683,1.00115369452685,2495.11078044629,3871.37031053048
"Negative-binomial count","r_state_abbr__Bc[UT,Intercept]",0.0326401134622862,0.0530169386075233,0.0321143227365606,-0.0722575547061311,0.137639357155171,1.00133206938641,2390.70368901019,4309.68046482109
"Negative-binomial count","r_state_abbr__Bc[VA,Intercept]",-0.0618973326438735,0.0530561144630129,-0.0622091869409903,-0.167033337353983,0.0427092385514334,1.00091533375155,2298.62561802559,4077.66998474825
"Negative-binomial count","r_state_abbr__Bc[VT,Intercept]",0.485505620431725,0.0615857697829876,0.485038157682848,0.364685126102492,0.605648586127351,1.00153287108917,2185.89450375984,3969.41636932928
"Negative-binomial count","r_state_abbr__Bc[WA,Intercept]",-0.188762046349766,0.0960083605242875,-0.190231213503068,-0.373325198058745,-0.0017404160131811,1.00164156182179,2162.5373548242,3493.08597871766
"Negative-binomial count","r_state_abbr__Bc[WI,Intercept]",0.653438185408886,0.0585664341607114,0.652511385354981,0.538064120922538,0.772115314351801,1.00111890431629,2535.76716633683,4214.217176598
"Negative-binomial count","r_state_abbr__Bc[WV,Intercept]",-0.163431342536927,0.0523229104639959,-0.163482260481374,-0.264915743274761,-0.0610796085172141,1.00146479552587,2106.13699409303,3798.97379023791
"Negative-binomial count","r_state_abbr__Bc[WY,Intercept]",0.157066118266984,0.0580872074934161,0.156599353842407,0.0438457731981813,0.270999119935675,1.00139574837025,2321.10285924079,4145.22808369436
"Negative-binomial count","r_state_abbr__Wc[AK,Intercept]",0.61589311906629,0.0696109559965204,0.61656404609701,0.480107793030308,0.752560192954899,1.00077116520393,2549.39766153179,4563.50778879397
"Negative-binomial count","r_state_abbr__Wc[AL,Intercept]",0.074609328121889,0.137078351222187,0.0718890552445415,-0.192445765208524,0.354167162717927,1.00137387629302,2773.12165304183,3941.68645930926
"Negative-binomial count","r_state_abbr__Wc[AR,Intercept]",0.318028128834812,0.0800340526932192,0.318198910750377,0.162690464648061,0.475827497896233,1.0023950812719,2614.29392689303,4093.39040559657
"Negative-binomial count","r_state_abbr__Wc[AZ,Intercept]",0.558036875818971,0.069625962653343,0.558123403760612,0.420694375147392,0.694934357519961,1.00081343822078,2525.13684377256,4425.19721620286
"Negative-binomial count","r_state_abbr__Wc[CA,Intercept]",0.0363552707013309,0.0853771914813677,0.0376085016669434,-0.132838357124397,0.204384531769589,1.00089129020523,2679.9049378204,4433.22280596915
"Negative-binomial count","r_state_abbr__Wc[CO,Intercept]",0.194616332955928,0.110901199163054,0.196195531046129,-0.0274828201993275,0.409400885327776,1.00077923763798,2708.53691796314,3835.85956451359
"Negative-binomial count","r_state_abbr__Wc[CT,Intercept]",-0.137249299446892,0.0738488969414868,-0.135527832034019,-0.283369074417423,0.0093169186043531,1.00091423992027,2608.19888171131,4228.87099869825
"Negative-binomial count","r_state_abbr__Wc[DE,Intercept]",0.5006941054624,0.0677343282470138,0.501422831802565,0.366071659979244,0.633041910255413,1.0012281697777,2585.12336689905,4352.21953048406
"Negative-binomial count","r_state_abbr__Wc[FL,Intercept]",0.186274052212931,0.105344628372418,0.186207319009169,-0.0212954153919169,0.397685407895617,1.00256808771519,2749.3206592018,4050.81170389601
"Negative-binomial count","r_state_abbr__Wc[GA,Intercept]",-0.0174881239501096,0.12277062053607,-0.0198281762511151,-0.255613983254388,0.225988845101498,1.00215044778281,2741.3146942058,4038.73745899379
"Negative-binomial count","r_state_abbr__Wc[HI,Intercept]",0.530812783906431,0.0685063089872922,0.531137405095692,0.396933627352596,0.666259262327173,1.00088037639993,2508.63057997423,4411.74283282647
"Negative-binomial count","r_state_abbr__Wc[IA,Intercept]",0.0850167566828305,0.105751000150199,0.0853115203106723,-0.125389145631202,0.290806863046419,1.00079809294033,2718.14096907324,4153.02256280165
"Negative-binomial count","r_state_abbr__Wc[ID,Intercept]",0.440677635548505,0.0753326094669557,0.440911810672269,0.29343578668509,0.588678310330221,1.00238902471558,2612.58087195267,3993.8402750753
"Negative-binomial count","r_state_abbr__Wc[IL,Intercept]",-0.349818237041444,0.0882298336931339,-0.348648406768891,-0.527056567597069,-0.17721232262581,1.00064906646484,2677.28370687909,4397.92698254002
"Negative-binomial count","r_state_abbr__Wc[IN,Intercept]",-0.0215821122114205,0.0869914815610451,-0.022083404384426,-0.190866032885128,0.153913396937288,1.00251754957008,2681.95158752531,3729.48833005943
"Negative-binomial count","r_state_abbr__Wc[KS,Intercept]",-0.0745171507350875,0.0664885784792939,-0.0739877480593371,-0.20559342670866,0.0557835833235815,1.00119470696528,2535.96154493229,4538.13551574104
"Negative-binomial count","r_state_abbr__Wc[KY,Intercept]",0.373760707852397,0.0694311610241976,0.3743095823009,0.233979760832549,0.509031384608526,1.0013365386676,2536.02804358177,4173.85684434059
"Negative-binomial count","r_state_abbr__Wc[LA,Intercept]",0.326604042634617,0.0773964587411754,0.326034550446271,0.173303309642281,0.479730632012809,1.00234196017064,2603.91830624119,4250.61872650264
"Negative-binomial count","r_state_abbr__Wc[MA,Intercept]",-1.05039997602885,0.0693399166110292,-1.05041079248817,-1.18850714443928,-0.91725947592376,1.0010011469113,2498.06309850981,4497.51158877516
"Negative-binomial count","r_state_abbr__Wc[MD,Intercept]",-0.436812588514849,0.0671732563434981,-0.436752861848975,-0.568162487500606,-0.305738717081222,1.00112770124945,2547.95611321549,4365.17200348989
"Negative-binomial count","r_state_abbr__Wc[ME,Intercept]",-0.328778137915908,0.122568797124105,-0.32802030842119,-0.57174243356415,-0.0918009350391984,1.00093152375548,2727.06635571812,4183.31685430188
"Negative-binomial count","r_state_abbr__Wc[MI,Intercept]",-0.248329653937423,0.11064194680373,-0.249208456126724,-0.461489400684124,-0.0273669863689034,1.00275456639842,2756.66703533831,3861.10018564784
"Negative-binomial count","r_state_abbr__Wc[MN,Intercept]",-0.823855124703526,0.0766146888695456,-0.822394553316495,-0.972746421004372,-0.675102641395102,1.00106972453633,2581.66217355989,4356.84134928154
"Negative-binomial count","r_state_abbr__Wc[MO,Intercept]",0.0714601267755615,0.130588197785579,0.0686469362420224,-0.180883373541653,0.332685786364379,1.00156394955246,2757.24062671037,3904.39978661183
"Negative-binomial count","r_state_abbr__Wc[MS,Intercept]",0.333698810485039,0.0799694977250011,0.333088928236771,0.179058463739339,0.493924832988593,1.00228520888873,2657.34459754413,4104.80434206387
"Negative-binomial count","r_state_abbr__Wc[MT,Intercept]",0.429529751583739,0.105254123446494,0.430522765621171,0.221970384311128,0.633292228464151,1.00087322760977,2674.91766914924,4211.07694059528
"Negative-binomial count","r_state_abbr__Wc[NC,Intercept]",-0.26187740178484,0.0695874485187857,-0.261805821994508,-0.400624113532599,-0.126412498770816,1.0021628485833,2543.12767109717,4139.67102423943
"Negative-binomial count","r_state_abbr__Wc[ND,Intercept]",-0.263015152951381,0.101328223121532,-0.261687632921974,-0.46365450206006,-0.0669321891947594,1.0006389735442,2694.14875691563,4175.30456613748
"Negative-binomial count","r_state_abbr__Wc[NE,Intercept]",-0.310469060547982,0.0681437226125939,-0.309917773394333,-0.44362312739801,-0.177130595980551,1.00103976646901,2534.91369587998,4305.24554448892
"Negative-binomial count","r_state_abbr__Wc[NH,Intercept]",-0.216324118697764,0.0723946724400986,-0.215919218590747,-0.36124234435543,-0.0749385970198728,1.00089997774759,2496.85012710565,4498.83078906335
"Negative-binomial count","r_state_abbr__Wc[NJ,Intercept]",-0.82420681361756,0.0986451798833267,-0.823329608283074,-1.0188769111518,-0.631134870422803,1.00076074075391,2694.01687189016,4339.58724434987
"Negative-binomial count","r_state_abbr__Wc[NM,Intercept]",-0.0845747329656052,0.09230550479814,-0.0839008454868545,-0.26809051988428,0.096336119784579,1.00086356611984,2694.12121222678,4378.14828032282
"Negative-binomial count","r_state_abbr__Wc[NV,Intercept]",0.538002065231332,0.0813803968079472,0.537926370806796,0.377827392000836,0.697397243538547,1.00067542922118,2589.05565792219,4602.63199996112
"Negative-binomial count","r_state_abbr__Wc[NY,Intercept]",-0.905266476430509,0.0663280891920765,-0.904732801130532,-1.03689152323267,-0.776512114016241,1.00111757085994,2476.26409854372,4497.49152868737
"Negative-binomial count","r_state_abbr__Wc[OH,Intercept]",-0.162802829580823,0.0988235326615299,-0.163325953260239,-0.353996667117929,0.0361944255292336,1.00262300803936,2705.38867782782,3868.36109534225
"Negative-binomial count","r_state_abbr__Wc[OK,Intercept]",0.623230272137594,0.0723894526125321,0.62258419637524,0.478792055907212,0.767015991124233,1.00193029799353,2583.87286000952,4065.47415937274
"Negative-binomial count","r_state_abbr__Wc[OR,Intercept]",0.515069067416566,0.111708712300879,0.51557668133247,0.293771387206422,0.732721099578522,1.00086464528005,2713.75850098091,4044.64132709009
"Negative-binomial count","r_state_abbr__Wc[PA,Intercept]",-0.415533436608008,0.0740228095416022,-0.415589140014768,-0.563026762381275,-0.26952724041274,1.00216448513468,2652.21014807889,4272.41938502954
"Negative-binomial count","r_state_abbr__Wc[RI,Intercept]",-0.300652290380872,0.0694272757719035,-0.300347975920924,-0.437187507623473,-0.164384869668584,1.00080636443033,2554.54243290217,4278.83011836895
"Negative-binomial count","r_state_abbr__Wc[SC,Intercept]",-0.339033459965035,0.13165959460262,-0.341199920000951,-0.592271384298905,-0.0770762323069221,1.00193103522294,2772.89917544346,3862.52549055161
"Negative-binomial count","r_state_abbr__Wc[SD,Intercept]",0.271907842893081,0.0727061130825732,0.271948953223944,0.129445018075231,0.418138429250209,1.00102815060299,2583.80046692755,4365.76223126619
"Negative-binomial count","r_state_abbr__Wc[TN,Intercept]",-0.246939985880615,0.146698071575281,-0.248911185930068,-0.533620497891959,0.0470015328862099,1.00124506925198,2784.11256064443,3748.50512752726
"Negative-binomial count","r_state_abbr__Wc[TX,Intercept]",0.491268358192199,0.0719930566619942,0.491266044927428,0.349693767614871,0.634272574712544,1.00155897954897,2626.41319296796,4048.76147121338
"Negative-binomial count","r_state_abbr__Wc[UT,Intercept]",-0.317325545283421,0.0675536355298087,-0.317995914660664,-0.449167906519577,-0.184053412950847,1.00117922408025,2567.89618952721,4223.32720986962
"Negative-binomial count","r_state_abbr__Wc[VA,Intercept]",-0.0562479785169583,0.0683930960991169,-0.0564956653830359,-0.191450278460057,0.0771992179421041,1.00137739178992,2437.45349715633,4361.58278479946
"Negative-binomial count","r_state_abbr__Wc[VT,Intercept]",0.14231800685514,0.0770854507579364,0.143436537135599,-0.0110875632520081,0.292320968520927,1.00094111157008,2636.09675567669,4398.45351617035
"Negative-binomial count","r_state_abbr__Wc[WA,Intercept]",0.0677225396177454,0.124164870956353,0.0684641774464833,-0.177431957976936,0.305295273299276,1.00089203593788,2716.72360364827,3936.56609835974
"Negative-binomial count","r_state_abbr__Wc[WI,Intercept]",-0.229553700186435,0.0749381805292364,-0.229057887686193,-0.377805879858779,-0.0806594559337256,1.00216358861652,2611.36080856241,4031.99749866308
"Negative-binomial count","r_state_abbr__Wc[WV,Intercept]",0.220521324427788,0.0673725291699974,0.220654348388956,0.0887150613224772,0.353124322378056,1.00120258096692,2504.74384595386,4318.27586468856
"Negative-binomial count","r_state_abbr__Wc[WY,Intercept]",0.36425332755198,0.070056871684899,0.365269962012705,0.224378522642823,0.500850391708233,1.00099072895842,2543.97535407941,4365.22435356225
"Negative-binomial count","lprior",-27.1578159439759,0.0897310285422852,-27.1598894328342,-27.3330262246722,-26.9790763652125,1.0015047699041,7217.99058724824,7244.34093680443
"Negative-binomial count","lp__",-18058.2050187624,10.3723537462522,-18057.9306228679,-18079.2631592045,-18038.8450871531,1.00020276376367,2038.96347986329,4348.90702054434
"Recording-screen sample","b_logB_Intercept",7.56474161228425,0.0646617336202479,7.56339057187818,7.44062879922242,7.69716765376441,1.00159456580237,1633.73632200592,3026.58206549786
"Recording-screen sample","b_logW_Intercept",5.71548234400137,0.0809643933988608,5.71535355275599,5.55574183681287,5.87714409770758,1.00263308991635,1825.826063546,3229.43465464229
"Recording-screen sample","b_logB_demW",-0.00693177737597196,0.00503004735544266,-0.00699721690018964,-0.0167567069805689,0.00287759083057234,1.00024063135512,11803.6454352611,9439.76877063945
"Recording-screen sample","b_logB_demM",-0.0436333075520462,0.0642372356370237,-0.0434833945213099,-0.169882229202237,0.0824812169916455,1.00389626040474,2133.518583637,3331.98619421243
"Recording-screen sample","b_logB_yearc",-0.265001293540013,0.019325613943961,-0.2647122358197,-0.304312584696062,-0.228234473446547,1.00024234731122,8178.56126725695,6848.8680077917
"Recording-screen sample","b_logW_demW",-0.00539778016173594,0.00477502594629799,-0.00541893399331788,-0.0147712287655467,0.00388982630892934,1.00006780643292,11038.7253685195,9072.99234327818
"Recording-screen sample","b_logW_demM",-0.120426175130591,0.0791940701564808,-0.121799852245712,-0.274479036712412,0.0357398560364742,1.00415558268297,2087.90595358155,3806.8497517368
"Recording-screen sample","b_logW_yearc",-0.025606051817922,0.0211115467157762,-0.0252100241857696,-0.067849476310217,0.0147754065265366,1.00017707773306,8117.35487790355,8570.93432561205
"Recording-screen sample","ar_logB[1]",0.957876683733409,0.0151938969048461,0.958371729988317,0.92678443867903,0.986275574883699,1.0004312891759,8456.01513959374,7776.48394934394
"Recording-screen sample","ar_logW[1]",0.978132006702538,0.0117908944263206,0.978368273336999,0.954591121312961,1.00065195838353,1.00032250332204,9773.416977409,8605.51823772073
"Recording-screen sample","sd_state_abbr__logB_Intercept",0.379391654520644,0.0485449273037532,0.37461835324044,0.299392466037733,0.487052187997392,1.00099322440625,2251.73262909652,4524.56108585735
"Recording-screen sample","sd_state_abbr__logW_Intercept",0.475774407160049,0.0601253290281858,0.469896795218224,0.375863475611504,0.610002303892094,1.00287992309468,1720.69620280637,3066.02644968378
"Recording-screen sample","cor_state_abbr__logB_Intercept__logW_Intercept",0.597792257462212,0.111748024355809,0.60894392705761,0.344583603407032,0.780182002978613,1.00242254227989,1784.73009089298,2561.90555076453
"Recording-screen sample","sigma_logB",0.0758883782873368,0.00188392991468583,0.0758506727559319,0.0723393707278931,0.0797106562836351,1.00023243868824,10102.1115666438,8758.45073934654
"Recording-screen sample","sigma_logW",0.0732202893655699,0.00180882432204339,0.0731674571404895,0.0698409980346419,0.0769067547874168,1.00039498690067,9847.60536886531,8552.83117751104
"Recording-screen sample","Intercept_logB",7.56480400587746,0.0646604280413058,7.56345652470292,7.44070110156219,7.69722498451001,1.00159468352245,1633.69317878075,3026.58206549786
"Recording-screen sample","Intercept_logW",5.71549285551596,0.0809631230746492,5.71536776564419,5.55575358436873,5.87715472798443,1.00263317542371,1825.78550552333,3229.43465464229
"Recording-screen sample","rescor__logB__logW",0.372884663603717,0.0302378867491096,0.373093101762076,0.31316159913953,0.431768959072017,1.00003130716108,9451.05102716812,8412.53300902655
"Recording-screen sample","r_state_abbr__logB[AK,Intercept]",0.225009698707404,0.0942969415282352,0.225211654437712,0.0373806536547063,0.412101020869024,1.00110775001494,3064.99949628038,5667.21849167873
"Recording-screen sample","r_state_abbr__logB[AZ,Intercept]",0.311502412688246,0.0940992809334243,0.311685525399965,0.125537094612272,0.493400215882332,1.00075295951524,3187.56060299083,6203.39331068604
"Recording-screen sample","r_state_abbr__logB[CA,Intercept]",0.262567094450163,0.104651319304537,0.264558806546198,0.0551633132879238,0.461790380984866,1.00196893015858,2830.75960615503,5053.56883925037
"Recording-screen sample","r_state_abbr__logB[CO,Intercept]",0.316075955685396,0.129617735927643,0.315460852628692,0.0590295790121373,0.569849465289211,1.0037934674678,2542.24589440303,4797.96918749265
"Recording-screen sample","r_state_abbr__logB[CT,Intercept]",0.428326109050497,0.0961846517161388,0.428086369435958,0.239655368279919,0.61720777276866,1.00150331688513,3096.56146403975,5897.00994066843
"Recording-screen sample","r_state_abbr__logB[DE,Intercept]",0.46785204578238,0.0953290364718916,0.467422199305431,0.282493015620987,0.655528492085857,1.00035736443632,3174.27858528025,5108.20573258477
"Recording-screen sample","r_state_abbr__logB[IA,Intercept]",0.566474044337311,0.12464913937126,0.566496674932226,0.324653810948754,0.80977142470736,1.00292393188288,2723.04577934383,4958.39348859203
"Recording-screen sample","r_state_abbr__logB[ID,Intercept]",-0.190662415375963,0.114167963513719,-0.190801078306757,-0.414130637855567,0.0313806602573671,1.00023017047439,2546.58884721154,5626.41459209403
"Recording-screen sample","r_state_abbr__logB[IL,Intercept]",-0.0514521206572001,0.107853116435365,-0.0520673271050656,-0.263663084056806,0.157461166157945,1.00262088124434,2969.50303511101,5355.24046649016
"Recording-screen sample","r_state_abbr__logB[IN,Intercept]",-0.0744686797269807,0.130229867659032,-0.0741395672673947,-0.326978269585902,0.180772223827363,1.00114535294013,2512.99435156687,5021.5373478378
"Recording-screen sample","r_state_abbr__logB[KS,Intercept]",0.105062744328642,0.0957166106508724,0.105646290785186,-0.0823101660532636,0.292193890194419,1.00035776508583,3026.57720537704,5708.70117567931
"Recording-screen sample","r_state_abbr__logB[MA,Intercept]",-0.724207556608569,0.0937704879308385,-0.722880432807109,-0.908306989462187,-0.540366493652017,1.00110026472298,3434.89568963846,6187.32420087803
"Recording-screen sample","r_state_abbr__logB[MD,Intercept]",-0.356670235381191,0.0943631507978293,-0.356993713564656,-0.542114680046994,-0.172512720737431,1.00044393511468,3130.597441277,5706.47191520506
"Recording-screen sample","r_state_abbr__logB[ME,Intercept]",-0.807002066491808,0.143360112899126,-0.805952762578746,-1.0899123360865,-0.528588139616029,1.0042877876142,2536.78455375679,4668.17881315015
"Recording-screen sample","r_state_abbr__logB[MN,Intercept]",-0.28646912145128,0.0978278255744265,-0.285506265322975,-0.481691890525584,-0.0970751809869912,1.00156558277897,3210.74346244655,5767.22768143551
"Recording-screen sample","r_state_abbr__logB[MS,Intercept]",-0.172798608898708,0.121401168366548,-0.172109459743409,-0.408870179093471,0.0643471836609541,1.00047756240684,2562.53077758293,5340.05515382463
"Recording-screen sample","r_state_abbr__logB[NC,Intercept]",-0.409930608697947,0.105271844422113,-0.4085740264718,-0.615139551294459,-0.207535991680426,1.00082147966046,2767.84374874602,5758.6153568471
"Recording-screen sample","r_state_abbr__logB[ND,Intercept]",-0.452442026316234,0.120482409008526,-0.451820241657942,-0.693640412518373,-0.216792528168945,1.00443827081363,2638.27482331918,4643.91158793266
"Recording-screen sample","r_state_abbr__logB[NE,Intercept]",-0.135432192836573,0.0955478323226468,-0.133777173227929,-0.325789603195443,0.0514000717158981,1.00023488815758,3229.17852457246,6066.97850778599
"Recording-screen sample","r_state_abbr__logB[NH,Intercept]",-0.490831960354348,0.0955425825171357,-0.491235941843784,-0.679382420512199,-0.305262377631299,1.00123894904949,3119.53811883518,5801.47664369815
"Recording-screen sample","r_state_abbr__logB[NJ,Intercept]",-0.0347435433901537,0.11622529430937,-0.034707564851761,-0.265037862316224,0.189094962902439,1.00368910011323,2765.41409860288,4701.05176340907
"Recording-screen sample","r_state_abbr__logB[NM,Intercept]",-0.0253628602708621,0.112364146640507,-0.0237153762532934,-0.251882265545869,0.190155094429371,1.00371695584755,2817.52972892395,5014.45251656214
"Recording-screen sample","r_state_abbr__logB[NV,Intercept]",0.162645279267722,0.101710974245772,0.163251384500695,-0.040156461690797,0.357394027477413,1.00240973029613,2999.02167229706,5122.99522482104
"Recording-screen sample","r_state_abbr__logB[NY,Intercept]",-0.375308682001581,0.0958611891934241,-0.37465453700909,-0.564923523843233,-0.188924199388645,1.0003466088203,3098.91314167399,5735.39975768888
"Recording-screen sample","r_state_abbr__logB[OH,Intercept]",0.013536001877233,0.145777534435084,0.0137020790678521,-0.270608627131017,0.299095555948825,1.00115123222283,2375.15979854972,4553.99533757839
"Recording-screen sample","r_state_abbr__logB[OK,Intercept]",0.447587702390138,0.108650338575234,0.447984986037352,0.234434198774584,0.66210007717569,1.00078181872067,2651.29710295161,4929.85179210675
"Recording-screen sample","r_state_abbr__logB[OR,Intercept]",0.127253267007256,0.129994123588043,0.125933004420707,-0.123834822399819,0.377512685929286,1.00368011437321,2475.91193016895,4091.75536457458
"Recording-screen sample","r_state_abbr__logB[PA,Intercept]",-0.0303885066848696,0.110698704215004,-0.0291656110089167,-0.245810467114826,0.185736293819772,1.00042557450412,2653.65546601629,4989.30326379117
"Recording-screen sample","r_state_abbr__logB[RI,Intercept]",0.0746940239923868,0.0943824243897571,0.0754119979879513,-0.110175576930135,0.256976529416377,1.0012577505874,3060.5693777592,5384.9585843877
"Recording-screen sample","r_state_abbr__logB[SC,Intercept]",-0.359151753011165,0.187449549335522,-0.358557984703671,-0.722247374640438,0.00798177664694552,1.00195654786354,2183.10233853123,4251.38272345277
"Recording-screen sample","r_state_abbr__logB[SD,Intercept]",0.152678121483571,0.0939786226300029,0.154310759712521,-0.0328192821246763,0.336023622710554,1.00116582099882,3031.91652708722,5622.87395705991
"Recording-screen sample","r_state_abbr__logB[TX,Intercept]",0.424854406960062,0.110963735174282,0.425194342543159,0.206594085426243,0.643540638477698,1.00078878845607,2686.79662001711,5312.41826696484
"Recording-screen sample","r_state_abbr__logB[UT,Intercept]",0.302901938189887,0.101497869564995,0.303442815124964,0.104371307742977,0.50607888329707,1.00034461332872,2704.59609904103,5102.78908507874
"Recording-screen sample","r_state_abbr__logB[VT,Intercept]",0.248515527048286,0.0979094503068889,0.249953559456553,0.0525839397471681,0.437274931846741,1.00143556116526,2939.84031026958,4985.42410873818
"Recording-screen sample","r_state_abbr__logB[WA,Intercept]",-0.0513879768379454,0.143809251967961,-0.048776680114349,-0.340912210855598,0.229027255446615,1.00486520137415,2464.93616492319,4330.60916378986
"Recording-screen sample","r_state_abbr__logB[WI,Intercept]",0.578015782235818,0.11508558525417,0.5782898877033,0.353979545157858,0.80506037898969,1.0006686771598,2720.2610182335,5090.68780621218
"Recording-screen sample","r_state_abbr__logB[WV,Intercept]",-0.411020755583833,0.0952122464418551,-0.410469248037805,-0.599925119639458,-0.226893146636507,1.00038441343972,3182.78036850453,6049.22865184846
"Recording-screen sample","r_state_abbr__logB[WY,Intercept]",0.289875916306181,0.0943869844291266,0.2902670630085,0.102517556119021,0.473696554479035,1.00110982536527,3206.73287869856,5827.20906701911
"Recording-screen sample","r_state_abbr__logW[AK,Intercept]",0.650922257727305,0.104551621039397,0.651265020364367,0.444080767049841,0.857989477498376,1.00173543496318,3013.51877679658,5143.18512502055
"Recording-screen sample","r_state_abbr__logW[AZ,Intercept]",0.56095288990427,0.105786600856152,0.56088726749194,0.352770234349033,0.768899275958333,1.00151219223062,2878.22243121797,5214.2145425678
"Recording-screen sample","r_state_abbr__logW[CA,Intercept]",0.386097326726283,0.118574775671732,0.386090847772607,0.149422693572043,0.621495928751146,1.00343993301702,2763.81304267418,5242.5306987568
"Recording-screen sample","r_state_abbr__logW[CO,Intercept]",0.227707523230249,0.151546803715964,0.227380612075606,-0.0746843732331395,0.526263704028824,1.00423431338423,2439.76657489018,4421.61744231987
"Recording-screen sample","r_state_abbr__logW[CT,Intercept]",-0.0455820687605128,0.107263434133273,-0.0450572785514948,-0.256390059890377,0.165108963620212,1.00270057395901,3012.61222189009,5508.33183152686
"Recording-screen sample","r_state_abbr__logW[DE,Intercept]",0.730694665111595,0.106339893219491,0.730783871427748,0.521989154917498,0.940938573069173,1.00108066381196,2836.79434418179,5438.19635924544
"Recording-screen sample","r_state_abbr__logW[IA,Intercept]",0.148585950957678,0.14514347315151,0.148697409917692,-0.132113339033011,0.436368958404924,1.00522511902622,2486.62564144456,4172.034441244
"Recording-screen sample","r_state_abbr__logW[ID,Intercept]",0.474306840142086,0.131876104483518,0.472959697742888,0.216267927867636,0.735588437985659,1.00091720756287,2299.6372225121,4773.81142521008
"Recording-screen sample","r_state_abbr__logW[IL,Intercept]",-0.335742011758747,0.123452749569784,-0.335049372725068,-0.581250397015616,-0.0918190538938202,1.00450409416045,2647.29224417489,4834.02306677127
"Recording-screen sample","r_state_abbr__logW[IN,Intercept]",-0.12449126202673,0.153586000734314,-0.125682795645914,-0.424229766395597,0.178740935156544,1.00101207165333,2341.04466438651,4428.38552524886
"Recording-screen sample","r_state_abbr__logW[KS,Intercept]",-0.0561846475320018,0.107475657316454,-0.0554473836653492,-0.269124404188652,0.152117391698066,1.00082004860803,2745.81563462735,4985.90979927917
"Recording-screen sample","r_state_abbr__logW[MA,Intercept]",-0.785165609244753,0.103701472369036,-0.785003161468223,-0.992188210219503,-0.581981432461365,1.00227805059894,2785.14004186127,5229.43105784245
"Recording-screen sample","r_state_abbr__logW[MD,Intercept]",-0.318613417394445,0.106802699175077,-0.316670128151943,-0.532905087402429,-0.111094994142583,1.00105227961715,2876.934238915,5019.78120372041
"Recording-screen sample","r_state_abbr__logW[ME,Intercept]",-0.354190991300503,0.169097864728134,-0.352956667135645,-0.689887692578107,-0.0267586553798404,1.0046294914826,2381.23256895714,4003.5096259379
"Recording-screen sample","r_state_abbr__logW[MN,Intercept]",-0.990651301492479,0.10933038906583,-0.99032222364944,-1.20677801880925,-0.778327676924806,1.00313299407106,2908.92258772917,5191.89977419942
"Recording-screen sample","r_state_abbr__logW[MS,Intercept]",0.266602849369335,0.143176112029416,0.264453026509747,-0.012364947532168,0.551963058042545,1.0012702284917,2389.39775345366,4470.20837913884
"Recording-screen sample","r_state_abbr__logW[NC,Intercept]",-0.245669673985781,0.119835155180754,-0.24694852552038,-0.478055521882631,-0.0126590703852394,1.00064819084952,2542.38032328223,4931.18552103513
"Recording-screen sample","r_state_abbr__logW[ND,Intercept]",-0.292460012926376,0.139327632169053,-0.292235715038371,-0.572013373718717,-0.0232408611599691,1.00501840278295,2532.87494433857,4377.8344256216
"Recording-screen sample","r_state_abbr__logW[NE,Intercept]",-0.294590719982322,0.104963736656473,-0.293573098657495,-0.501273810837808,-0.0909301339150746,1.001602388459,2860.54493286622,4863.43447126188
"Recording-screen sample","r_state_abbr__logW[NH,Intercept]",-0.176340034644303,0.105858584511773,-0.17560407679927,-0.383052181281805,0.0272997022557747,1.0022196635539,2886.58761454655,5434.40051582239
"Recording-screen sample","r_state_abbr__logW[NJ,Intercept]",-0.572512124194625,0.134436523671861,-0.573726915160331,-0.832701444015858,-0.307917521240925,1.00449582412537,2601.33261345263,4652.64289986023
"Recording-screen sample","r_state_abbr__logW[NM,Intercept]",-0.155474999886999,0.127652357913833,-0.154458891473245,-0.40747492742828,0.0930919447510317,1.00530985238935,2612.09773517486,5069.02605074138
"Recording-screen sample","r_state_abbr__logW[NV,Intercept]",0.705061095251595,0.114763827064876,0.70428081855468,0.48029834307192,0.93014628944637,1.00348188802492,2825.44979779842,5144.73088790799
"Recording-screen sample","r_state_abbr__logW[NY,Intercept]",-0.757006225445304,0.108847685464772,-0.755591793474497,-0.97467284440309,-0.544893164304765,1.00050396473656,2834.87568227081,5103.00039950363
"Recording-screen sample","r_state_abbr__logW[OH,Intercept]",-0.137216225360053,0.174557204665212,-0.138791288169132,-0.475297138389937,0.208529606925669,1.00119923973683,2236.93912669251,4242.75829859909
"Recording-screen sample","r_state_abbr__logW[OK,Intercept]",0.755085710325584,0.127741081843433,0.75599943502115,0.507958422591605,1.00645486460766,1.00075754133067,2509.94730587769,5061.84532835502
"Recording-screen sample","r_state_abbr__logW[OR,Intercept]",0.432356215265384,0.153640486040162,0.433652310079706,0.12647599984385,0.731608738033777,1.0054166163967,2386.62918064071,4225.39028553736
"Recording-screen sample","r_state_abbr__logW[PA,Intercept]",-0.594770120813486,0.129889894690848,-0.595271535637376,-0.845666962571329,-0.341185545519849,1.00066487227584,2386.86932875712,5067.97082872772
"Recording-screen sample","r_state_abbr__logW[RI,Intercept]",-0.0470083289276682,0.105106883173192,-0.0472466138791366,-0.253374685585879,0.156650800764187,1.00238223462851,2778.22199957285,5391.92443293909
"Recording-screen sample","r_state_abbr__logW[SC,Intercept]",-0.205461649089328,0.228426522512899,-0.207251420172482,-0.641347309643599,0.244291119930225,1.00222878312611,2186.90244626099,4125.04039253598
"Recording-screen sample","r_state_abbr__logW[SD,Intercept]",0.376936676588509,0.1061902320539,0.377494894532439,0.169542518547915,0.583174908610082,1.00279001583262,2904.90599071466,5586.90296986318
"Recording-screen sample","r_state_abbr__logW[TX,Intercept]",0.638935598284737,0.125823875965835,0.637756918391651,0.395682733996499,0.885649683064817,1.00083743350967,2429.56893946344,4701.35945726187
"Recording-screen sample","r_state_abbr__logW[UT,Intercept]",-0.0796989417061341,0.114103816301104,-0.0787491901797164,-0.304506683073038,0.142278631201699,1.00049748738836,2594.720105479,4880.45424466031
"Recording-screen sample","r_state_abbr__logW[VT,Intercept]",0.218560831673103,0.110747098680019,0.218730756142953,-0.00191359171973297,0.438129068519215,1.00296021251004,2983.80204700833,5295.56982509597
"Recording-screen sample","r_state_abbr__logW[WA,Intercept]",0.0728691103874124,0.171306323849871,0.0750753954367339,-0.267007589675373,0.408685332372865,1.00503114214242,2370.429314326,4209.90606432443
"Recording-screen sample","r_state_abbr__logW[WI,Intercept]",-0.194629787509733,0.133090631031617,-0.195192369907721,-0.45416861555733,0.0699056512544919,1.00090242326952,2388.11584098288,4951.48964008796
"Recording-screen sample","r_state_abbr__logW[WV,Intercept]",-0.106812633959875,0.105925000518776,-0.106226643928581,-0.316661769392603,0.0990102588387906,1.00150682970441,2914.95972102431,5284.71505574251
"Recording-screen sample","r_state_abbr__logW[WY,Intercept]",0.326183687944657,0.105789549513299,0.325329396983371,0.11798975483303,0.531774123640355,1.00188012876761,2946.1559648357,5261.51556950168
"Recording-screen sample","lprior",-15.7246802420614,0.0178070253519958,-15.7218007936713,-15.7681103240833,-15.6980349686967,1.00146783264963,2318.15328215583,4102.02593038073
"Recording-screen sample","lp__",1992.79602719106,9.16226115373596,1993.07472535883,1973.92193787797,2009.32146641876,1.00126900418063,2066.04235436374,3681.05190694849
